party_name,party_id,cname,year,lrecon,lrecon_salience,galtan,galtan_salience,israel_palestine,israel_palestine_salience,lrgen,jewish_immigration,non_jewish_immigration,multiculturalism,redistribution,environment,spendvtax,civlib,abortion,jewish_settlements,palestinian_state,democratic_v_jewish_state,gender_equality,arab_world,religious_principles,anti_islam_rhetoric,people_vs_elite,antielite_salience,corrupt_salience,ukraine_support
Likud,9701,Israel,2022,6.318182,3.909091,7.181818,5.8636365,8.136364,6.5238094,7.7727275,3.3125,8.75,8.2857141,6.0500002,6.9375,6.8499999,8.0476189,5.2142859,8.5714283,8.363636,6.7619047,6,2.9411764,6.8571429,6.8947368,6.4000001,8.75,1.4090909,3.2727273
Likud,9701,Israel,2021,6.695652,4.2727275,6.409091,4.4761906,8.086957,6.7272725,7.318182,,8.4375,6.5,6,7.3333335,7.1500001,7.5,5.4166665,8.454545,8.4285717,6.5,5.1999998,3.0555556,,7.0588236,7,8.25,1.2857143,
Yesh Atid,9702,Israel,2022,6,5.2272725,2.8181818,7.2272725,4.7727275,4.7727275,4.818182,1.6470588,5.7894735,5.4285712,5.5,4.5625,5.5,4.1500001,1.7647059,4.4285712,4.090909,3.6666667,2.75,2.7647059,2.3499999,1.5263158,3.2,2.1111112,8.045455,5.7272725
Yesh Atid,9702,Israel,2021,6.1363635,5.4347825,2.6363637,6.3333335,4.869565,4.4347825,4.909091,,5.4000001,5.8571429,5.5999999,4.5,5.9000001,5.1999998,2.0625,4.5454545,4.181818,3.2272727,2.2631578,2,,2.1764705,3.4545455,2.1500001,8.818182,
Shas,9703,Israel,2021,2.9545455,6.3636365,9.318182,8.1999998,7.3636365,3.1818182,6.6190476,,9.1875,5.2857141,2.2857144,7.4166665,2.8947368,6.7857141,8.6842108,7.5999999,7.4736843,9.590909,8.5263157,4,,4.4666667,5.4000001,7.6500001,1.0909091,
Shas,9703,Israel,2022,2.9545455,6.6190476,9.636364,8.5714283,8.227273,3.409091,7.818182,7,9.7894735,8,2.5714285,8.5,3,7.352941,7.8125,7.9499998,8.3809528,9.818182,8.6999998,5.4166665,9.9523811,5.125,3.4615386,8.0555553,.81818181,1.5
B&W,9704,Israel,2021,5.8000002,3.5217392,3.8,4.1500001,5.347826,5.652174,5.2727275,,6,5.5,5.5,5.0769229,5.375,6,3.8461537,5.181818,4.8095236,4.1428571,3.2,2.0588236,,2.5625,2.8181818,1.9473684,7.909091,
Yamina,9705,Israel,2021,7.7826085,5.5652175,6.7619047,5.4761906,9.173913,7,7.909091,,8.9375,5.7142859,7.6842103,7.0714288,7.8000002,7.3684211,5.6666665,9.454545,9.363636,7.181818,4.9333334,3.8235295,,5.7058825,5.1538463,3.8888888,5.590909,
Labor,9706,Israel,2022,2.909091,5.7272725,2.1818182,6.9047618,3.0454545,4.8571429,3.1363637,1.75,4.7368422,3.625,3.1904762,3.4736843,2.9000001,2.9000001,1.5789474,2.8095238,2.5,2.7272727,1.4,2.1666667,1.7142857,.7368421,3.1428571,1.9444444,7.4545455,6.5555553
Labor,9706,Israel,2021,2.6956522,6.3913045,2.1363637,7.0999999,3.0434783,5.304348,3.1904762,,4.125,5,2.6666667,3.05,2.3499999,3.1500001,1.8947369,2.1818182,2.090909,2.6818182,1.2,1.6111112,,1.2941177,3,2.4210527,8.045455,
UTJ,9707,Israel,2022,3,5.8947368,9.8095236,8.8999996,7.8095236,3.05,7.2857141,6.3333335,9.8947372,8,3.3888888,8.5,2.6666667,6.8000002,8.0625,7.7058825,8,9.863636,8.8999996,5.4545455,10,3.7857144,2.6153846,6.625,.75,1.5
UTJ,9707,Israel,2021,2.8888888,5.25,9.5,8.3500004,7.0526314,2.409091,6.5,,9.166667,4.8333335,2.25,7.3333335,2.625,5.909091,9,6.8499999,6.8421054,9.772727,8.833333,4.3000002,,3.6153846,3.5555556,5.0500002,.90476191,
YB,9708,Israel,2021,7.4545455,5.6190476,4.1363635,5.8571429,7.9130435,4.5,7.1904764,,6.7142859,6,6.4736843,6.1666665,6.8000002,7.4499998,2.6153846,7.681818,7.909091,3.2,4,3.9230769,,5.375,4.5,3.9473684,4.4761906,
YB,9708,Israel,2022,6.9523811,6.1904764,4.590909,6.6999998,6.8636365,4.2857141,6.6363635,1.3125,6.6666665,4.8571429,7.0526314,6.4000001,7.1052632,7.1904764,2.5384614,7.1428571,7.181818,3.9523809,4.4117646,4.7857141,1.2380953,3.2222223,2.9285715,2.5625,5.5789475,4.6666665
RZ,9709,Israel,2022,7.6999998,3.8571429,9.727273,9.136364,9.954545,8.909091,9.863636,6.7647057,9.75,8,7.7647057,7.7692308,7.6842103,9.6499996,7.5882354,10,10,9.4761906,8.1000004,6.4615383,9.666667,8.2631578,5.6153846,9.166667,1.5,2.25
RZ,9709,Israel,2021,6.6111112,3,9.318182,7.6666665,9.863636,8.608696,9.363636,,9.4375,6,6.6875,7.3333335,6.0769229,8.2631578,8.6315794,9.863636,9.9523811,9.227273,7.5,6.1875,,8.6111107,6.6153846,6.6666665,1.7619047,
Joint List,9710,Israel,2021,1.8095238,5.3636365,4.7142859,5,.17391305,8.434783,.54545456,,1.4615384,4.3333335,1.4,4.4545455,1.4210526,2.1578948,4.8000002,.13636364,.045454547,.13636364,3.8125,1.5294118,,.26666668,4.625,4.7647057,4.6111112,
New Hope,9711,Israel,2021,7.0952382,4.304348,4.1500001,4.9473686,7.5652175,4.2608695,7.090909,,7.5999999,5.4285712,6.5263157,5.8333335,6.647059,5.8947368,3.6153846,7.5714288,7.6666665,5.7222223,3.4705882,3.1428571,,2.8,3.4166667,2.7222223,8.5789471,
Meretz,9712,Israel,2021,2.3043478,5.695652,1,8.0952377,1.3043479,7.130435,1.8181819,,2.1764705,5,2.0476191,1.8,1.9,1.5,.89999998,.5,.59090906,1.1818181,.80952382,1.2777778,,.47058824,2.75,2.3,8.227273,
Meretz,9712,Israel,2022,2.7272727,5.3809524,1.0454545,8.0476189,1.4761904,6.3636365,1.8181819,1.75,2.7368422,2.5,2.8095238,2.2,2.6500001,1.1904762,.94444442,.61904764,.90909094,1.1818181,.80000001,1.7222222,.5714286,.44444445,3.2307692,1.5555556,7.7727275,8
Ra'am,9713,Israel,2021,3.0555556,5.7272725,8.3809528,6,.73913044,5.869565,2.5238094,,1.75,5.75,1.9333333,5.8571429,2,4.1333332,8.6428576,1.1818181,.31818181,.5714286,6.5625,1.6,,.25,3.5555556,3.7333333,2.7647059,
Ra'am,9713,Israel,2022,3.25,5.1875,8.0500002,5.125,.7368421,5.352941,3.1764705,10,2.5999999,5,3.3846154,5.8000002,2.7692308,4.6666665,7.75,.40000001,.36363637,.86363637,7.6153846,1.2666667,7.375,.6875,2.1111112,2.5999999,2.75,
StateCamp,9714,Israel,2022,5.5555553,3.3499999,4.2380953,4.5,5.3333335,4.9000001,5.4000001,2.5714285,6.3125,5.4000001,5.352941,5.1428571,5.1999998,5.0625,3.6153846,5,4.8571429,4.5789475,3.7647059,3.5333333,4.1111112,2.0588236,3.1818182,1.8823529,7.1904764,5
Hadash-Ta'al,9715,Israel,2022,1.6666666,4.75,3.8571429,4.7857141,.42857143,8.1111107,1.0476191,9.8571424,1.7142857,5,1.3888888,2.75,1.5625,1.5833334,2.5555556,.047619049,.045454547,.18181819,2.6428571,1.9375,1,.06666667,3.625,3.75,4.2307692,6
Balad,9716,Israel,2022,3.75,3.3333333,5.2222223,4.5,.095238097,8.7777777,.71428573,10,1,5,2.5,4.6666665,2.8333333,3,2.6666667,.050000001,.22727273,.090909094,2.25,2.375,.75,.13333334,2.1666667,4,2.5999999,
