faction_id,name_he,name_en,short_en,lineage,bloc,knessets,note
12,מפלגת פועלי ארץ-ישראל,Mapai (corpus mislabel),Mapai (err),mislabel_mapai,other,14;16;20,"UNCERTAIN/ANOMALY: historic Mapai id (Knessets 1-5). In Knessets 13-25 it occurs only through corpus mislabelling: Ehud Barak K14 (really Labor), Yehiel Hazan K16 and Oren Hazan K20 (both really Likud; ~204k words). config/faction_blocs.csv assigns their real parties' blocs; see CROSSWALK_NOTES 'Speech filed under the wrong faction'"
18,אגודת ישראל,Agudat Yisrael,Agudat Yisr.,utj,haredi,13;14;16;17;20;21;22;23;24,"Hasidic half of UTJ; appears under its own id only in the short spells when the UTJ faction formally split (end of K13/K14/K17, 2005-06, 2019-22)"
24,מפלגה דתית לאומית,National Religious Party (Mafdal),NRP,national_religious,religious_right,13;14;15;16,Corpus orientation 'religious'. Ran with the National Union in 2006 and merged into the Jewish Home in 2008
31,הליכוד,Likud,Likud,likud,right,13;14;15;16;17;18;19;20;21;22;23;24;25,Faction-level joint lists carried under this id: K14 Likud-Gesher-Tzomet; K18 Likud-Ahi; K19 'Likud-Yisrael Beiteinu' until 2014-07 (Yisrael Beiteinu MKs carry id 31 for that period). Kulanu merged in 2019
33,חזית דמוקרטית לשלום ולשוויון (כמפלגת שמאל קיצוני),Hadash (corpus id for Hadash 'as a far-left party'),Hadash (33),hadash,arab,13;14,"The corpus splits Hadash in two ids; 33 is the pre-1992 one but one MK (Saleh Salim, K13-14) carries it. Treated as Hadash. Corpus orientation 'far left', counted as arab"
34,חזית דמוקרטית לשלום ולשוויון (כמפלגה ערבית),Hadash,Hadash,hadash,arab,13;14;15;16;17;18;19;21;22,"Communist-led Jewish-Arab front, overwhelmingly Arab electorate; contestable (left vs arab). K14 sat as the Hadash-Balad joint list (Azmi Bishara's K14 speech carries this id). K20, K22-24 inside the Joint List (138); K16, K21, K25 inside Hadash-Ta'al (118)"
35,העבודה,Labor,Labor,labor,left,13;14;15;16;17;18;19;20;21;22;23;24;25,"Joint lists carried under this id: K15 One Israel (Labor+Gesher+Meimad), Labor-Meimad K15-17, K16 Labor-Meimad-Am Ehad, K20 Zionist Union (Labor+Hatnuah), K22 Labor-Gesher"
59,שינוי,Shinui,Shinui,shinui,center,14;15;16;21;22,"Secular-liberal, economically right, anti-clerical; contestable. Inside Meretz for most of 1992-99 (that speech carries id 89). ANOMALY: the K21-22 rows are a corpus mislabel (Gadi Yevarkan, Blue and White)"
75,התאחדות הספרדים שומרי תורה,Shas,Shas,shas,haredi,13;14;15;16;17;18;19;20;21;22;23;24;25,Sephardi Haredi party
79,צומת,Tzomet,Tzomet,tzomet,right,13;14,Secular right (Rafael Eitan); ran inside Likud-Gesher-Tzomet in K14
80,מפלגה דמוקרטית ערבית,Arab Democratic Party (Mada),Mada,raam,arab,13;18,"Founded the United Arab List with the Islamic Movement in 1996, hence lineage raam; contestable (could be its own lineage)"
82,מולדת,Moledet,Moledet,moledet,right,13;14;21;23;24,"Far-right 'transfer' party (Rehavam Ze'evi); corpus orientation 'far right'. Component of the National Union from 1999. ANOMALY: the K21/K23/K24 rows are a corpus mislabel (Yitzhak Pindrus, Degel HaTorah, ~1.4k words)"
83,דגל התורה,Degel HaTorah,Degel HaTor.,utj,haredi,13;14;16;17;20;21;22;23;24,Lithuanian half of UTJ; separate id only when the UTJ faction formally split
89,מרצ,Meretz,Meretz,meretz,left,13;14;15;16;17;18;19;20;21;22;23;24,Joint lists carried under this id: K16 Meretz-Democratic Choice-Shahar then Yachad; K18 New Movement-Meretz; K22 Democratic Union (Meretz + Ehud Barak's Israel Democratic Party + Stav Shaffir). No seats in K25
90,יהדות התורה,United Torah Judaism,UTJ,utj,haredi,13;14;15;16;17;18;19;20;21;22;23;24;25,Agudat Yisrael + Degel HaTorah
91,יעוד,Yi'ud,Yi'ud,yiud,center,13,UNCERTAIN bloc: three MKs who left right-wing Tzomet in 1994 to join the Rabin government (supported Oslo II). Corpus orientation 'center'
92,ימין ישראל,Yamin Yisrael,Yamin Yisr.,yamin_yisrael,right,13,Shaul Gutman's one-MK split from Moledet (1995-96)
93,עתיד,Atid,Atid,yiud,center,13,"UNCERTAIN bloc: 1995 split from Yi'ud (Salmovitz, Goldfarb); no orientation in the corpus"
94,"ח""כ עצמאי - יוסף עזרן",Independent MK - Yosef Azran,Ind. Azran,ind_azran,haredi,13,Left Shas in 1996
95,"ח""כ עצמאי - נאוה ארד",Independent MK - Nava Arad,Ind. Arad,ind_arad,left,13,Left Labor in 1996; no MK speech under this id in the plenary corpus
96,"ח""כ עצמאי - אפרים גור",Independent MK - Efraim Gur,Ind. Gur,ind_gur,right,13,UNCERTAIN bloc: left Likud in 1996; no orientation in the corpus; no MK speech under this id in the plenary corpus
97,הדרך השלישית,The Third Way,Third Way,third_way,center,13;14,"Split from Labor over the Golan; sat in Netanyahu's 1996 coalition; contestable"
98,גשר (1),Gesher (David Levy),Gesher (DL),gesher_david_levy,center,13;14;15,"Split from Likud 1996, ran with Likud 1996 and with Labor (One Israel) 1999, returned to Likud 2003; socially-oriented Mizrahi party; contestable. Its MKs carry id 31 (K14) or 35 (K15 until 2001) while inside the joint lists"
99,"ח""כ עצמאי - יוסף בא-גד",Independent MK - Yosef Ba-Gad,Ind. Ba-Gad,ind_bagad,right,13,"Left Moledet in 1996. Corpus orientation 'Haredi'; he was a national-religious rabbi elected for Moledet, so bloc=right like Moledet"
100,ישראל בעלייה,Yisrael BaAliyah,Y. BaAliyah,yisrael_baaliyah,right,14;15;16,"Russian-immigrant party (Sharansky); sat in both Netanyahu's and Barak's coalitions, left Barak's over Camp David, merged into Likud 2003. Corpus orientation 'right'; contestable (center vs right)"
101,הרשימה הערבית המאוחדת (2),United Arab List (Ra'am),Ra'am,raam,arab,14;15;16;19;21;22;23;24;25,"Islamist (southern Islamic Movement); K14 sat as Mada-Ra'am. Inside Ra'am-Ta'al (127) K17-19, the Joint List (138) K20/K22/K23, Ra'am-Balad (141) K21. In the 2021-22 coalition"
102,חרות - התנועה הלאומית,Herut - The National Movement,Herut,herut,right,14;15,Benny Begin / Michael Kleiner split from Likud over the Wye accords; part of the National Union list in 1999
103,מפלגת המרכז,Center Party,Center Party,center_party,center,14;15,"1999 centrist party (Mordechai, Meridor, Lipkin-Shahak, Milo); corpus name 'Israel in the Center' at the end of K14"
104,"עלי""ה - עמנו למען ישראל המתחדשת",Aliyah,Aliyah,yisrael_beiteinu,right,14,"Yuri Stern and Michael Nudelman's 1999 split from Yisrael BaAliyah, which ran with Yisrael Beiteinu weeks later; ~1.6k words"
105,תקומה,Tkuma,Tkuma,national_religious,religious_right,14,"1998-99 split from the NRP (Hanan Porat, Zvi Hendel); component of the National Union and later the core of Religious Zionism"
106,ברית לאומית דמוקרטית,Balad,Balad,balad,arab,14;15;16;17;18;19;21;22,Arab-nationalist / 'state of all its citizens'. K14 inside Hadash-Balad (id 34); K15 ran with Ta'al (Tibi's 1999 speech carries this id); K20/K22-24 inside the Joint List; K21 inside Ra'am-Balad (141). No seats in K25
107,"ח""כ עצמאי - דוד צוקר",Independent MK - David Zucker,Ind. Zucker,ind_zucker,left,14,Left Meretz at the end of K14; no MK speech under this id in the plenary corpus
108,עם אחד,Am Ehad (One Nation),Am Ehad,am_ehad,left,14;15;16,Amir Peretz's Histadrut-based workers' party; merged into Labor in 2005
109,"ח""כ עצמאי - עמנואל זיסמן",Independent MK - Emanuel Zisman,Ind. Zisman,ind_zisman,center,14,Left the Third Way in 1999; no orientation in the corpus
110,ישראל ביתנו,Yisrael Beiteinu,Y. Beiteinu,yisrael_beiteinu,right,15;16;17;18;19;20;21;22;23;24;25,"Secular-nationalist, Russian-speaking base. Hawkish and anti-Arab-parties rhetoric but anti-clerical, and since 2019 in the anti-Netanyahu camp (in the 2021-22 coalition); CHES lrgen 7.2 (2021) / 6.6 (2022). Contestable. K15 2000-02 inside id 114; K16 inside the National Union (111); K19 until 2014-07 inside id 31"
111,האיחוד הלאומי,National Union / Religious Zionism,NU / RZ,national_religious,religious_right,15;16;17;18;23;24;25,"One corpus id for two related things: the National Union of K15-K18 (Moledet + Tkuma + Herut, later + Yisrael Beiteinu in K16; mixed secular/religious far right) and the Religious Zionism faction of K24-25 (K24: RZ + Otzma Yehudit + Noam as one faction; K25: RZ only after 2022-11-20). Corpus orientation 'religious'"
112,הבחירה הדמוקרטית,Democratic Choice,Dem. Choice,democratic_choice,left,15,Roman Bronfman's split from Yisrael BaAliyah; allied with and later merged into Meretz-Yachad
113,תנועה ערבית להתחדשות,Ta'al (Arab Movement for Renewal),Ta'al,taal,arab,15;16;19;20;21;22;23;24,Ahmad Tibi's party; separate id only between joint lists (K15 after leaving Balad's list; briefly K21-24)
114,האיחוד הלאומי - ישראל ביתנו,National Union - Yisrael Beiteinu,NU-YB,nu_yisrael_beiteinu,right,15;16,"JOINT FACTION 2000-2002; constituents: National Union (Moledet, Tkuma) and Yisrael Beiteinu. Mixed secular/religious, so bloc=right"
115,מפלגה לאומית ערבית,Arab National Party,Arab Natl P.,arab_national_party,arab,15,"2001 split from the United Arab List (Muhamad Kanan, Tawfik Khatib)"
116,דרך חדשה,New Way (Derekh Hadasha),New Way,new_way,center,15,"2001 split from the Center Party (Dalia Rabin-Pelossof, Uri Savir, Amnon Lipkin-Shahak), later joined Labor; no orientation in the corpus; ~4k words"
117,אחדות לאומית - הברית הלאומית המתקדמת,National Unity - National Progressive Alliance,NPA Mahameed,national_progressive_alliance,arab,15,Hashem Mahameed's one-MK faction at the end of K15
118,החזית הדמוקרטית לשלום ולשוויון - תנועה ערבית להתחדשות,Hadash-Ta'al,Hadash-Ta'al,hadash_taal,arab,16;21;25,"JOINT LIST; constituents: Hadash (34) and Ta'al (113). K16, K21 (April 2019) and K25"
119,"אח""י",Ahi (Renewed Religious National Zionism),Ahi,national_religious,religious_right,16;17;21,"Effi Eitam and Yitzhak Levy's 2005 split from the NRP (corpus names 'Hitchabrut', 'Renewed Religious National Zionism'); joined the National Union; K21 = Eli Ben-Dahan on the Likud list. Corpus orientation 'right'"
120,"צל""ש - ציונות ליברליות שוויון",Tzalash,Tzalash,tzalash,center,16,Yosef Paritzky's one-MK split from Shinui (2005); no orientation in the corpus
121,נוי,Noy,Noy,noy,center,16,"UNCERTAIN bloc: David Tal's one-MK faction (ex-Shas, ex-Am Ehad) on his way to Kadima (2005); no orientation in the corpus; ~3k words"
122,קדימה,Kadima,Kadima,kadima,center,16;17;18;19,"Sharon's 2005 split from Likud, joined by Labor figures; ran on disengagement / two states. Contestable. First K16 name 'National Responsibility'"
123,הסיעה החילונית,Secular Faction (Hetz),Secular Fac.,shinui,center,16;18,"2006 split of most Shinui MKs. ANOMALY: the K18 rows are a corpus mislabel (Dalia Itzik, Kadima, ~22k words)"
124,"ח""כ עצמאי - מיכאל נודלמן",Independent MK - Michael Nudelman,Ind.Nudelman,ind_nudelman,center,16,UNCERTAIN bloc: left the National Union-Yisrael Beiteinu side over the disengagement and joined Kadima; no MK speech under this id in the plenary corpus
125,הבית הלאומי,National Home (HaBayit HaLeumi),Natl Home,shinui,center,16,"Two ex-Shinui MKs (Sandberg, Doron) at the end of K16; ~0.5k words"
126,הבית היהודי,Jewish Home,Jewish Home,national_religious,religious_right,17;18;19;20;21;22;23,"K17 sat as the joint National Union-NRP list; K18-20 the Jewish Home (Bennett from 2012, incl. Tkuma in K19-20); K21-22 Union of Right-Wing Parties / Jewish Home-National Union. Corpus orientation 'religious'"
127,הרשימה הערבית המאוחדת - התנועה הערבית להתחדשות,Ra'am-Ta'al,Ra'am-Ta'al,raam_taal,arab,17;18;19;21,"JOINT LIST K17-19; constituents: United Arab List (101), Ta'al (113), Mada. ANOMALY: in K17 Uri Ariel (National Union-NRP, ~59k words) wrongly carries this id, which puts him in the Arab bloc in 2006-08; the K21 rows are a mislabel for Ra'am-Balad (141)"
128,גיל - גמלאי ישראל לכנסת,Gil (Pensioners),Gil,gil,center,17,Single-issue pensioners' party in the Olmert coalition; contestable (center vs other). Corpus orientation 'center'
129,צדק לזקן,Justice for the Elderly,Justice Eld.,gil,center,17,UNCERTAIN bloc: 2008 split from Gil; no orientation in the corpus; ~5k words
130,הדרך הטובה,HaDerekh HaTova,Derekh Tova,gil,center,17,UNCERTAIN bloc: Elhanan Glazer's one-MK faction out of Gil / Justice for the Elderly; 88 words
131,מימד,Meimad,Meimad,meimad,left,17,"Dovish religious party, Labor's partner 1999-2008; listed separately only at the end of K17; no MK speech under this id in the plenary corpus"
132,העצמאות,Independence (Atzmaut),Independence,independence,center,18,"Ehud Barak's 2011 split from Labor that stayed in the Netanyahu government. Corpus orientation 'left'; self-described centrist; contestable"
133,עוצמה לישראל,Otzma LeYisrael,Otzma LeYis.,otzma_yehudit,religious_right,18,Michael Ben-Ari and Aryeh Eldad's 2012 split from the National Union; renamed Otzma Yehudit. Corpus orientation 'far right'
134,התנועה,Hatnuah,Hatnuah,hatnuah,center,18;19;20,"Tzipi Livni's Dec 2012 split from Kadima (centre-left, pro-negotiations); inside the Zionist Union (id 35) in K20. ANOMALY: its K18 speech dated 2011-01..2012-07 is a corpus mislabel (Orit Noked, Independence, ~10k words)"
135,"ח""כ עצמאי - חיים אמסלם",Independent MK - Haim Amsalem,Ind. Amsalem,ind_amsalem,haredi,18,"UNCERTAIN bloc: expelled from Shas in 2010 (formally a one-MK faction only from 2012-12), founded the moderate Am Shalem; no MK speech under this id in the plenary corpus"
136,יש עתיד,Yesh Atid,Yesh Atid,yesh_atid,center,19;20;23;24;25,K21-22 inside Blue and White (its MKs carry id 142 then); K23 'Yesh Atid-Telem'
137,כולנו,Kulanu,Kulanu,kulanu,center,20;21,"Moshe Kahlon's socio-economic party out of Likud; self-described 'sane right', always in Netanyahu coalitions, merged into Likud 2019. Contestable (center vs right)"
138,הרשימה המשותפת,Joint List,Joint List,joint_list,arab,20;22;23;24,"JOINT LIST; constituents: Hadash (34), Balad (106), Ta'al (113) and, in K20/K22/K23 only, Ra'am (101). K24 = Hadash + Ta'al + Balad (Ta'al left the faction 2022-09-06)"
139,"ח""כ עצמאי - אורלי לוי-אבקסיס",Independent MK - Orly Levy-Abekasis,Ind. O. Levy,gesher_orly_levy,center,20,Left Yisrael Beiteinu in 2016-17 and founded Gesher (144) in 2018
140,ימינה,Yamina / New Right,Yamina,yamina,religious_right,20;22;23;24,"K20 'New Right' (Bennett and Shaked's Dec 2018 split from the Jewish Home); K22 New Right alone; K23 JOINT LIST New Right + Jewish Home + National Union (incl. Smotrich); K24 Bennett's party, which led the 2021-22 government. Contestable (right vs religious_right) and kept apart from national_religious"
141,הרשימה הערבית המאוחדת - ברית לאומית דמוקרטית,Ra'am-Balad,Ra'am-Balad,raam_balad,arab,21,"JOINT LIST April 2019 (K21); constituents: United Arab List (101), Balad (106)"
142,כחול לבן,Blue and White,Blue & White,blue_white,center,20;21;22;23;24;25,"K21-22 and the first weeks of K23: joint list of Israel Resilience (Gantz) + Yesh Atid + Telem; from late March 2020 Gantz's party alone. In K25 the corpus uses this id for the continuing National Unity faction after 2024-03-13. ANOMALY: the K20 rows are a mislabel (Yifat Shasha-Biton, then Kulanu, ~38k words)"
143,העבודה - מרצ,Labor-Gesher-Meretz,Labor-Meretz,labor_meretz,left,23,"JOINT LIST of March 2020 (K23), dissolved within weeks; constituents: Labor (35), Gesher (144), Meretz (89)"
144,גשר (2),Gesher (Orly Levy-Abekasis),Gesher (OL),gesher_orly_levy,center,23,"Socio-economic party; ran with Labor 2019-20, then joined the Netanyahu government and later Likud. Contestable"
145,דרך ארץ,Derekh Eretz,Derekh Eretz,new_hope,right,23;24,"Yoaz Hendel and Zvi Hauser's 2020 split from Telem / Blue and White; merged into New Hope for 2021, hence lineage new_hope. Corpus orientation 'right'"
146,תקווה חדשה,New Hope,New Hope,new_hope,right,24;25,"Gideon Sa'ar's Dec 2020 split from Likud: right-wing on the conflict but in the anti-Netanyahu camp and the 2021-22 coalition (CHES lrgen 7.1). In K25 inside National Unity (149) until 2024-03-13, then its own faction (corpus name 'HaYamin HaMamlakhti')"
147,"ח""כ עצמאי - עמיחי שיקלי",Independent MK - Amichai Chikli,Ind. Chikli,ind_chikli,right,24,Declared a defector from Yamina 2022-04-25; later Likud
148,עוצמה יהודית,Otzma Yehudit,Otzma Yehud.,otzma_yehudit,religious_right,24;25,Kahanist far right (Ben Gvir). In K24 its one MK sat inside the Religious Zionism faction (id 111); separate faction from 2022-11-20. Corpus orientation 'far right'
149,המחנה הממלכתי,National Unity (State Camp),State Camp,blue_white,center,24;25,"MERGER of Blue and White (142) + New Hope (146) + Gadi Eisenkot and ex-Yamina Matan Kahana (2022). Lineage follows its larger component and leader (Gantz); contestable"
150,נעם,Noam,Noam,noam,religious_right,24;25,"Avi Maoz's one-MK hardline religious party, elected on the Religious Zionism list. ANOMALY: Maoz's speech is not linked to his MK record in the corpus, so no speech carries this id"
151,חופש כלכלי,Economic Freedom,Econ Freedom,economic_freedom,right,24,Abir Kara's Sept 2022 one-MK split from Yamina (libertarian); no orientation in the corpus; no MK speech under this id in the plenary corpus
9001,"חה""כ עידן רול",Idan Roll (National Majority),Idan Roll,yesh_atid,center,25,"Extension 2024-26 only (not in the Knesset Corpus): Knesset faction 1109, Idan Roll alone after leaving Yesh Atid, 14 Jan to 13 Aug 2025"
