speaker_id,name_he,name_en,gender,knessets,words_k,n_matches
965,בנימין נתניהו,Binyamin Netanyahu,m,13-25,527,1
2595,יצחק רבין,Yitzhak Rabin,m,13-13,61,1
456,שמעון פרס,Shimon Peres,m,13-17,241,1
482,אריאל שרון,Ariel Sharon,m,13-16,146,1
2226,אהוד ברק,Ehud Barak,m,14-18,74,1
1064,אהוד אולמרט,Ehud Olmert,m,13-17,117,1
469,ציפי לבני,Tzipi Livni,f,15-20,278,1
23594,יאיר לפיד,Yair Lapid,m,19-25,134,1
30657,בנימין (בני) גנץ,Benny Gantz,m,21-24,26,1
23511,נפתלי בנט,Naftali Bennett,m,19-24,138,1
427,אביגדור ליברמן,Avigdor Lieberman,m,15-25,134,1
2291,אריה מכלוף דרעי,Aryeh Deri,m,13-25,163,1
494,אליהו ישי,Eli Yishai,m,14-19,370,1
526,משה גפני,Moshe Gafni,m,13-25,976,1
528,יעקב ליצמן,Yaakov Litzman,m,15-24,370,1
30811,איתמר בן גביר,Itamar Ben-Gvir,m,24-25,93,1
30055,בצלאל סמוטריץ',Bezalel Smotrich,m,20-25,256,1
560,אחמד טיבי,Ahmad Tibi,m,15-25,731,1
30066,איימן עודה,Ayman Odeh,m,20-25,135,1
12964,חנין זועבי,Haneen Zoabi,f,18-20,144,1
30067,עאידה תומא סלימאן,Aida Touma-Sliman,f,20-25,231,1
23651,תמר זנדברג,Tamar Zandberg,f,19-24,264,1
504,זהבה גלאון,Zehava Galon,f,15-20,357,1
2143,שולמית אלוני,Shulamit Aloni,f,13-13,110,1
4405,שלי יחימוביץ',Shelly Yachimovich,f,17-21,236,1
23565,מרב מיכאלי,Merav Michaeli,f,19-25,266,1
23512,איילת שקד,Ayelet Shaked,f,19-23,128,1
12959,מירי רגב,Miri Regev,f,18-25,149,1
12948,ציפי חוטובלי,Tzipi Hotovely,f,18-23,113,1
30082,יפעת שאשא ביטון,Yifat Shasha-Biton,f,20-25,122,1
470,לימור לבנת,Limor Livnat,f,13-19,468,1
433,דליה איציק,Dalia Itzik,f,13-18,202,1
506,נעמי חזן,Naomi Chazan,f,13-15,204,1
541,תמר גוז'נסקי,Tamar Gozansky,f,13-15,700,1
1043,יולי תמיר,Yuli Tamir,f,16-18,138,1
23566,סתיו שפיר,Stav Shaffir,f,19-22,118,1
12952,אורלי לוי אבקסיס,Orly Levy-Abekasis,f,18-24,301,1
23635,פנינה תמנו,Pnina Tamano-Shata,f,19-25,89,1
23631,קארין אלהרר,Karine Elharrar,f,19-25,102,1
30708,מאי גולן,May Golan,f,21-25,94,1
23551,אורית סטרוק,Orit Strook,f,19-25,130,1
30118,שרן השכל,Sharren Haskel,f,20-25,102,1
30809,גלית דיסטל אטבריאן,Galit Distel-Atbaryan,f,24-25,41,1
2178,זאב בנימין בגין,Benny Begin,m,13-24,140,1
546,דן מרידור,Dan Meridor,m,13-18,171,1
476,ראובן ריבלין,Reuven Rivlin,m,14-19,532,1
512,יוסי שריד,Yossi Sarid,m,13-16,457,1
2192,יוסי ביילין,Yossi Beilin,m,13-17,201,1
434,אברהם בורג,Avraham Burg,m,13-16,94,1
458,חיים רמון,Haim Ramon,m,13-18,597,1
1044,יצחק הרצוג,Isaac Herzog,m,16-20,284,1
557,עמיר פרץ,Amir Peretz,m,13-23,369,1
949,שאול מופז,Shaul Mofaz,m,17-19,98,1
12963,משה יעלון,Moshe Ya'alon,m,18-23,59,1
468,ישראל כץ,Israel Katz,m,14-25,371,1
1037,גלעד ארדן,Gilad Erdan,m,16-23,548,1
1027,גדעון סער,Gideon Sa'ar,m,16-25,369,1
532,יולי יואל אדלשטיין,Yuli Edelstein,m,14-25,235,1
12951,יריב לוין,Yariv Levin,m,18-25,394,1
30812,שמחה רוטמן,Simcha Rothman,m,24-25,96,1
1034,משה כחלון,Moshe Kahlon,m,16-21,129,1
2138,רפאל איתן,Rafael Eitan,m,13-14,125,1
417,רחבעם זאבי,Rehavam Ze'evi,m,13-15,316,1
563,מאיר פרוש,Meir Porush,m,14-25,472,1
531,אברהם רביץ,Avraham Ravitz,m,13-17,346,1
558,עזמי בשארה,Azmi Bishara,m,14-17,430,1
540,מוחמד ברכה,Mohammad Barakeh,m,15-19,555,1
30713,מנסור עבאס,Mansour Abbas,m,21-25,50,1
30719,עופר כסיף,Ofer Cassif,m,21-25,166,1
4416,דב חנין,Dov Khenin,m,17-20,962,1
12947,ניצן הורוביץ,Nitzan Horowitz,m,18-24,237,1
4395,אבי דיכטר,Avi Dichter,m,17-25,159,1
467,צחי הנגבי,Tzachi Hanegbi,m,13-24,451,1
479,סילבן שלום,Silvan Shalom,m,13-20,671,1
536,דוד לוי,David Levy,m,13-16,164,1
535,נתן שרנסקי,Natan Sharansky,m,14-15,78,1
517,יוסף (טומי) לפיד,Tommy Lapid,m,15-16,83,1
23599,עליזה לביא,Aliza Lavie,f,19-20,177,1
23634,רות קלדרון,Ruth Calderon,f,19-19,20,1
30839,דן אילוז,Dan Illouz,m,25-25,,
30300,אמיר אוחנה,Amir Ohana,m,21-25,,
30106,נעמה לזימי,Naama Lazimi,f,24-25,,
