unit_id,protocol_name,knesset,year,target_gender,heckler_gender,noul,heckle,hand_label
heckle|20_ptm_492145.doc|407,20_ptm_492145.doc,20,2018,Men,Men,0.62,הדרת נשים.,no
heckle|20_ptm_382021.doc|217,20_ptm_382021.doc,20,2017,Men,Women,0.58,אתה מערבב מין בשאינו מינו.,no
heckle|24_ptm_624597.doc|414,24_ptm_624597.doc,24,2022,Men,Men,0.7,אתה הפילגש.,insult
heckle|13_ptm_532194.docx|811,13_ptm_532194.docx,13,1993,Men,Men,0.7,אני האבא של הלובי החברתי.,no
heckle|20_ptm_370937.doc|1194,20_ptm_370937.doc,20,2017,Men,Women,0.65,– – – נשים בכלל.,no
heckle|15_ptm_532974.docx|563,15_ptm_532974.docx,15,2002,Men,Men,0.65,שיקשיבו לבושה הזאת.,no
heckle|22_ptm_566323.doc|772,22_ptm_566323.doc,22,2019,Men,Men,0.79,כשהיית צעיר ויפה.,explicit
heckle|25_ptm_3608906.doc|249,25_ptm_3608906.doc,25,2023,Men,Women,0.8,"אם קראת לי ""תרנגולת"" - - -      ",no
heckle|14_ptm_532534.docx|3123,14_ptm_532534.docx,14,1997,Men,Men,0.5,"זאת אומרת, אתה אולי מאותם ליכודניקים בודדים שביניהם יש באמת הדדיות בין האשה לבעל?",no
heckle|20_ptm_308086.doc|311,20_ptm_308086.doc,20,2015,Men,Men,0.61,אז למה אתה פוגע באימא עובדת?,no
heckle|20_ptm_308930.doc|521,20_ptm_308930.doc,20,2015,Men,Women,0.58,הקול שלה – – – זה מה שהוא אמר – – –,no
heckle|13_ptm_532242.docx|329,13_ptm_532242.docx,13,1994,Men,Men,0.54,אני מציע להוסיף לו חמש שניות לכל קילוגרם.,explicit
heckle|25_ptm_3634511.doc|208,25_ptm_3634511.doc,25,2023,Men,Women,0.57,אני יודעת  יש לי בן שם  יש לי בן שם כבר למעלה מ-50 יום,no
heckle|13_ptm_532146.docx|449,13_ptm_532146.docx,13,1993,Men,Men,0.6,אתה נשוי לאשתי?,no
heckle|20_ptm_489467.doc|4541,20_ptm_489467.doc,20,2017,Men,Men,0.56,"אצלנו כתוב, בספרים שלנו, בתלמוד: בינה יתרה ניתנה לנשים. אין מה לעשות.",no
heckle|16_ptm_533339.docx|893,16_ptm_533339.docx,16,2004,Men,Men,0.64,אתה יודע שאתה לא מסמיק אפילו.,no
heckle|20_ptm_360958.doc|1505,20_ptm_360958.doc,20,2016,Men,Women,0.62,קשישה.,no
heckle|14_ptm_532540.docx|99,14_ptm_532540.docx,14,1998,Men,Women,0.66,"אדוני היושב-ראש, אשתך שומעת, ואתה עוד צריך לחזור הביתה.",family
heckle|24_ptm_606205.doc|1684,24_ptm_606205.doc,24,2021,Men,Men,0.56,ספר להם שהילד הקטן שלך היה פה בכנסת.,no
heckle|20_ptm_489467.doc|4767,20_ptm_489467.doc,20,2017,Men,Women,0.9,"בחורה בגיל שלה בחברה שלך כבר נשואה עם ילדים, לא שמה את הידיים שלה על חיילים ודוחפת אותם.",no
heckle|13_ptm_532251.docx|790,13_ptm_532251.docx,13,1995,Men,Men,0.79,"אז תעזוב את אשתו. אם יש לך מה להגיד נגד ראש הממשלה, תגיד.",no
heckle|18_ptm_184342.doc|367,18_ptm_184342.doc,18,2009,Men,Men,0.54,"– – – אל תתחמקו, תהיו גברים, תצביעו בעד.",insult
heckle|25_ptm_1748712.doc|667,25_ptm_1748712.doc,25,2023,Men,Women,0.78,- - - לא אישה בשבילכם - - - לא אישה?     ,no
heckle|25_ptm_4196543.doc|363,25_ptm_4196543.doc,25,2024,Men,Women,0.57,היא אישה שכולה,no
heckle|20_ptm_489467.doc|7159,20_ptm_489467.doc,20,2017,Men,Women,0.71,"לא נורא, לא נורא. גברים – קשה להם להתרכז.",explicit
heckle|19_ptm_234249.doc|2469,19_ptm_234249.doc,19,2013,Men,Women,0.62,ומה שמדהים הוא ששנים ישבו גברים חילונים בוועדה הזאת – זה היה בסדר. אישה דתייה – זה לא.,no
heckle|15_ptm_532771.docx|217,15_ptm_532771.docx,15,2000,Men,Men,0.59,את הילד שלך אתה שולח לשמוע את אביב גפן? זו צביעות.,no
heckle|18_ptm_185359.doc|205,18_ptm_185359.doc,18,2009,Men,Men,0.65,מכיוון שהיא אשה הוא לא ענה לה?,no
heckle|25_ptm_1648773.doc|1266,25_ptm_1648773.doc,25,2023,Women,,0.5,"אני נשוי, אבל הייתי גרוש",no
heckle|13_ptm_532186.docx|288,13_ptm_532186.docx,13,1993,Women,Men,0.54,"גברתי, את עונדת כפתור ופרח.",insult
heckle|25_ptm_3640612.doc|153,25_ptm_3640612.doc,25,2023,Women,Women,0.72,"את, התפקיד שלך הוא לצרוח ולהרשים",trope
heckle|20_ptm_346057.doc|1162,20_ptm_346057.doc,20,2016,Women,Men,0.69,"עשית v, למה לא הבאת דגל? אישה, תתביישי לך, זה הכבוד לדגל? אני מניח שתשימי את הכסף מאחורי ותניפי אותו.",insult
heckle|14_ptm_532568.docx|392,14_ptm_532568.docx,14,1997,Women,Men,0.72,אליהם את מחייכת ופה את שולפת ציפורניים.,trope
heckle|14_ptm_532722.docx|1451,14_ptm_532722.docx,14,1998,Women,Men,0.57,לא כל בעל זוכה שאשתו תנאם מעל במת הכנסת.,family
heckle|20_ptm_390969.doc|304,20_ptm_390969.doc,20,2017,Women,Men,0.84,"את לא יודעת מה שקורה שם, ואת מדברת כיחצנות של מישהו.",no
heckle|25_ptm_1748712.doc|1498,25_ptm_1748712.doc,25,2023,Women,Men,0.73,את משוריינת בזכות זה שאת אישה,explicit
heckle|24_ptm_613266.doc|1178,24_ptm_613266.doc,24,2021,Women,Women,0.57,"דודי, היא רצתה את המקום של הנשים.",insult
heckle|25_ptm_3915708.doc|245,25_ptm_3915708.doc,25,2024,Women,Women,0.76,"את לא ראויה  אישה הזויה, אישה הזויה, את אישה הזויה",insult
heckle|20_ptm_527548.doc|1244,20_ptm_527548.doc,20,2018,Women,Women,0.66,"באמת? מה זה תפירת תיקים? בואי, תסבירי, בבקשה. זה לא בכי ונהי? זה בכי ונהי במלוא מובן המילה.",trope
heckle|24_ptm_627464.doc|227,24_ptm_627464.doc,24,2022,Women,Women,0.64,אתה מבין - - - בשקלים יותר. זה הסיאוב של השמאל. אישה רעה. פשוט רעה.,insult
heckle|25_ptm_2127049.doc|4422,25_ptm_2127049.doc,25,2023,Women,Women,0.74,סוג ב' – – – אישה בהיריון מערוץ 14 תקפו,no
heckle|16_ptm_533483.docx|332,16_ptm_533483.docx,16,2004,Women,Men,0.5,- - - את הסבתא של טומי היא מזכירה.,explicit
heckle|20_ptm_462601.doc|155,20_ptm_462601.doc,20,2018,Women,Men,0.8,"אבל תשימי את המשקפיים, יפה לך.",explicit
heckle|25_ptm_2866316.doc|1330,25_ptm_2866316.doc,25,2023,Women,Women,0.5,ממש לא סביר בכנסת הזאת שיש אישה שמתנהלת בצורה כזאת כל הזמן  כל הזמן,explicit
heckle|25_ptm_2127049.doc|1180,25_ptm_2127049.doc,25,2023,Women,Men,0.71,טובה אישית  תרחמי על הקול שלי,no
heckle|20_ptm_363197.doc|423,20_ptm_363197.doc,20,2016,Women,Men,0.64,את גזענית שאת אוכלת רק מילקי עם קצפת למעלה – – –,no
heckle|19_ptm_304484.doc|418,19_ptm_304484.doc,19,2014,Women,Men,0.81,– – – כל המלמד את האישה תורה כאילו מלמדה תפלות – – – את דוגמה קלאסית.,explicit
heckle|25_ptm_2127049.doc|1979,25_ptm_2127049.doc,25,2023,Women,,0.75,היא לא מפסיקה לצווח ככרוכיה,trope
heckle|23_ptm_591478.doc|980,23_ptm_591478.doc,23,2020,Women,Men,0.63,ברוכת ילדים.,no
heckle|19_ptm_238762.doc|129,19_ptm_238762.doc,19,2013,Women,Men,0.72,"אבל מי אמר לה להביא ילדים, שלי? עם כל הכבוד, מי אמר לה להביא ילדים? שתיקח אחריות.",no
heckle|20_ptm_360958.doc|1787,20_ptm_360958.doc,20,2016,Women,Women,0.62,אני לא אם חד-הורית.,no
heckle|24_ptm_611742.doc|1288,24_ptm_611742.doc,24,2021,Women,Men,0.63,אשתך מבקרת גם אותך?,no
heckle|25_ptm_2816403.doc|22,25_ptm_2816403.doc,25,2023,Women,Women,0.56,הצעת האי-אמון היא על נשים,no
heckle|20_ptm_320737.doc|598,20_ptm_320737.doc,20,2016,Women,Women,0.58,"– – – יכול להגיד שוטר שאני או את או כל אחת, אנחנו מאיימות, יש לנו חזות מאיימת.",no
heckle|16_ptm_532001.doc|814,16_ptm_532001.doc,16,2003,Women,Men,0.55,מה אתם היסטריים?,trope
heckle|17_ptm_533620.docx|117,17_ptm_533620.docx,17,2008,Women,Men,0.53,"גפני, איזה אומץ יש לך מול שתי נשים חזקות כאלה.",no
heckle|18_ptm_175801.doc|954,18_ptm_175801.doc,18,2011,Women,Men,0.93,שאת היסטרית.,trope
heckle|25_ptm_2850437.doc|499,25_ptm_2850437.doc,25,2023,Women,Women,0.55,אתם גברים לא ראויים,no
heckle|20_ptm_488783.doc|653,20_ptm_488783.doc,20,2018,Women,Women,0.62,אל תתבכייני על העם הסורי.,trope
heckle|23_ptm_573895.doc|188,23_ptm_573895.doc,23,2020,Women,Women,0.64,אני הייתי כאן מהבוקר – – – באימא שלך – – –,no
heckle|18_ptm_175801.doc|956,18_ptm_175801.doc,18,2011,Women,Men,0.91,– – – שאת היסטרית.,trope
heckle|15_ptm_532815.docx|137,15_ptm_532815.docx,15,1999,Women,Men,0.71,"חברת הכנסת חזן, תתקפי את ראש הממשלה, תקבלי נשיקה.",explicit
heckle|25_ptm_3540911.doc|218,25_ptm_3540911.doc,25,2023,Women,Men,0.52,"תצרחי עוד יותר, עוד יותר  תצרחי עוד יותר",trope
heckle|20_ptm_370651.doc|1445,20_ptm_370651.doc,20,2017,Women,Men,0.62,"אני רוצה לשאול שאלה: אם אני הייתי עולה עם הגופייה, גם היו נותנים לי לדבר?",no
heckle|25_ptm_2816403.doc|20,25_ptm_2816403.doc,25,2023,Women,Women,0.72,לא פניתי אלייך  לא אמורים לענות על נשים?      ,no
heckle|20_ptm_308086.doc|505,20_ptm_308086.doc,20,2015,Women,Men,0.75,לאם עובדת.,no
heckle|16_ptm_533607.docx|1084,16_ptm_533607.docx,16,2003,Women,Men,0.62,את גם התליינית?,no
heckle|25_ptm_2127049.doc|1986,25_ptm_2127049.doc,25,2023,Women,,0.73,גם אם תמשיכי לצווח ככרוכיה זה לא יהפוך את השקר שלך לאמת,trope
heckle|25_ptm_1941542.doc|1606,25_ptm_1941542.doc,25,2023,Women,Women,0.5,את לא תגידי לי שאני מקרקרת,no
heckle|17_ptm_533298.docx|940,17_ptm_533298.docx,17,2006,Women,Men,0.57,"אני שמח, כי יש לי רק בנות בבית.",no
heckle|13_ptm_532250.docx|1003,13_ptm_532250.docx,13,1994,Women,Women,0.63,מה זה שייך? יש לה חסינות מפני שהיא אשה?,explicit
heckle|25_ptm_1941542.doc|1629,25_ptm_1941542.doc,25,2023,Women,Women,0.67,את לא תגידי לי מקרקרת,no
heckle|25_ptm_2850437.doc|572,25_ptm_2850437.doc,25,2023,Women,Women,0.51,ועכשיו הם קניין שלי,no
heckle|20_ptm_341650.doc|856,20_ptm_341650.doc,20,2016,Women,Men,0.52,למה את כל הזמן צווחת? את שרת תרבות.,trope
heckle|23_ptm_585413.doc|614,23_ptm_585413.doc,23,2020,Women,Men,0.54,"– – – נשק, גברתי היושבת-ראש.",no
heckle|25_ptm_1394509.doc|692,25_ptm_1394509.doc,25,2022,Women,Women,0.64,"פקה, פקה, פקה, תרנגולת  צדקו שאמרו לך תרנגולת  מקרקרת כל היום",explicit
heckle|24_ptm_613502.doc|587,24_ptm_613502.doc,24,2021,Women,Women,0.73,את גבוהה.,explicit
heckle|25_ptm_1748712.doc|1284,25_ptm_1748712.doc,25,2023,Women,Women,0.91,"גבר לא ותיק יכול, אישה לא יכולה",no
heckle|25_ptm_1545144.doc|503,25_ptm_1545144.doc,25,2023,Women,Men,0.56,"כל אחד שעולה, רק התפקיד שלה לצעוק",trope
heckle|20_ptm_321200.doc|1390,20_ptm_321200.doc,20,2016,Women,Men,0.52,"לא, אין לה זכות בבית הזה.",no
heckle|20_ptm_466002.doc|471,20_ptm_466002.doc,20,2018,Women,Men,0.59,"זה מה שמאפשר לנו, הגברים, למצוא כל כך הרבה דברים טובים בנשים.",insult
heckle|25_ptm_2850437.doc|563,25_ptm_2850437.doc,25,2023,Women,Women,0.76,אצלך לאישה מותר לחשוב רק באופן מסוים  אישה אצלך יכולה לחשוב רק איך שאת רוצה,no
heckle|25_ptm_1748712.doc|1455,25_ptm_1748712.doc,25,2023,Women,Men,0.57,"- - אפס מנכ""ליות, אפס מנכ""ליות - -      ",no
heckle|19_ptm_303451.doc|505,19_ptm_303451.doc,19,2014,Women,Men,0.54,למי את תופרת חליפות? למי?,no
heckle|20_ptm_370654.doc|10,20_ptm_370654.doc,20,2017,Women,Men,0.5,"אדוני היושב-ראש, תעשה יום הגבר?",no
heckle|25_ptm_3952244.doc|678,25_ptm_3952244.doc,25,2024,Women,Men,0.71,"את אלימה וצרחנית, זה מה שאת",trope
heckle|19_ptm_277187.doc|515,19_ptm_277187.doc,19,2014,Women,Women,0.76,– – – איזו אישה מסכנה.,insult
heckle|25_ptm_3608906.doc|432,25_ptm_3608906.doc,25,2023,Women,Women,0.53,"תדחוף מאחורה, מאחורי הבגדים",no
heckle|25_ptm_1648773.doc|2001,25_ptm_1648773.doc,25,2023,Women,,0.56,"את יכולה להמציא יהדות משלך, כמו גלעד קריב, הכול בסדר  אבל היהדות שלנו, שקיבלנו בהר סיני, הולכת אחרי האימא",no
heckle|24_ptm_609686.doc|741,24_ptm_609686.doc,24,2021,Women,Men,0.63,"תרחיבי בעניין התפקיד. אני פרגנתי למרגי, מה קרה?",no
heckle|15_ptm_532962.docx|1006,15_ptm_532962.docx,15,2001,Women,Men,0.6,תמשיכי להיכנס להם בתוך הישבן.,no
heckle|25_ptm_2816403.doc|737,25_ptm_2816403.doc,25,2023,Women,Men,0.56,גם אני חושב שהאישה הגיבורה ביותר היא זו שמוסרת את נפשה לגדל ילדים ולהקים משפחות נפלאות - -      ,no
heckle|20_ptm_313847.doc|2102,20_ptm_313847.doc,20,2015,Women,Women,0.61,– – – אבא שלו – – –,no
heckle|20_ptm_466002.doc|531,20_ptm_466002.doc,20,2018,Women,Women,0.65,אתה שוביניסט.,no
heckle|24_ptm_618530.doc|671,24_ptm_618530.doc,24,2022,Women,Women,0.8,גם אימא שלי לפעמים חושבת שאני יפעת.,no
heckle|20_ptm_388049.doc|1026,20_ptm_388049.doc,20,2017,Women,Women,0.68,אבל אתה כבר התחתנת.,no
heckle|25_ptm_2281923.doc|65,25_ptm_2281923.doc,25,2023,Women,Men,0.53,"את הצדקת אונס של ילד  יא חולת רוח, הצדקת אונס של ילד",no
heckle|20_ptm_462601.doc|156,20_ptm_462601.doc,20,2018,Women,Women,0.5,"בואי, בואי, שימי את המשקפיים ובואי.",insult
heckle|25_ptm_2127049.doc|1977,25_ptm_2127049.doc,25,2023,Women,,0.78,"להחזיר – אדוני היושב-ראש, חברת הכנסת כהן לא מפסיקה לצווח ככרוכיה",trope
heckle|25_ptm_3952244.doc|690,25_ptm_3952244.doc,25,2024,Women,Men,0.73,ואת צורחת - - -     ,trope
heckle|25_ptm_2367458.doc|950,25_ptm_2367458.doc,25,2023,Women,Women,0.74,"אני לא שומעת אותך  את יכולה להמשיך לצרוח, את יכולה לקרוא לי ""תרנגולת"", את יכולה להגיד לי ""קוקוריקו"" – – –     ",no
heckle|25_ptm_2816403.doc|24,25_ptm_2816403.doc,25,2023,Women,Women,0.58,אחרי זה תרוצי לוועדת האתיקה ותתבכייני  אחרי זה תרוצי לוועדת האתיקה ותגידי שאני לא נותנת לדבר,trope
heckle|18_ptm_175771.doc|403,18_ptm_175771.doc,18,2010,Women,Men,0.69,"בגלל שהיא אשה מגיע לה – – – יש גבול, שש דקות היא כבר מדברת.",explicit
heckle|25_ptm_2850437.doc|1038,25_ptm_2850437.doc,25,2023,Women,Men,0.74,"אני אהיה אישה, מה שצריך",no
heckle|25_ptm_4177942.doc|519,25_ptm_4177942.doc,25,2024,Women,Women,0.55,"טלי, הבנים שלך שירתו בצה""ל?      ",family
heckle|20_ptm_315503.doc|727,20_ptm_315503.doc,20,2015,Women,Women,0.68,בושה לנשים – – –,no
heckle|25_ptm_2281923.doc|291,25_ptm_2281923.doc,25,2023,Women,Women,0.79,תתביישי לך – – – הילדים שלך – – – גם ככה אין מה לכבד – – –     ,family
heckle|20_ptm_343388.doc|664,20_ptm_343388.doc,20,2016,Women,Men,0.82,"לרגע היה נדמה לי שלמדת משהו. אגב, תתחדשי על התסרוקת.",explicit
heckle|18_ptm_175860.doc|172,18_ptm_175860.doc,18,2011,Women,Men,0.85,את נראית יותר צעירה.,explicit
heckle|18_ptm_175834.doc|630,18_ptm_175834.doc,18,2011,Women,Men,0.66,"אז למה הייתם מגיעים? אני רואה שהגעת, בתור שיקסע אפילו, אבל הגעת לכאן.",explicit
heckle|25_ptm_1748712.doc|2568,25_ptm_1748712.doc,25,2023,Women,Men,0.64,"מה זה מה היא צועקת? מה, היא הבת שלך?     ",no
heckle|18_ptm_175717.doc|59,18_ptm_175717.doc,18,2011,Women,Men,0.59,מאחורי כל אדם גדול עומדת אשה.,insult
heckle|25_ptm_2850437.doc|1036,25_ptm_2850437.doc,25,2023,Women,Men,0.58,"תוציא אותי, אני מבחינתי אישה, אז אני אבין למה תוציא אותי",no
heckle|16_ptm_533168.docx|35,16_ptm_533168.docx,16,2006,Women,Men,0.6,אצלנו הגברים מטפלים בילדים.,no
heckle|25_ptm_2850437.doc|1034,25_ptm_2850437.doc,25,2023,Women,Men,0.81,"אם אישה מדברת, כל הגברים צריכים לצאת, לא? זו לא חובה?     ",no
heckle|16_ptm_533318.docx|354,16_ptm_533318.docx,16,2004,Women,Men,0.73,תראי איך אתם נראים.,no
heckle|25_ptm_2565635.doc|1065,25_ptm_2565635.doc,25,2023,Women,Men,0.71,"לא הכול להט""ב? נו באמת",no
heckle|14_ptm_532723.docx|664,14_ptm_532723.docx,14,1998,Women,Men,0.75,ואת מזילה דמעות תנין על זה.,no
heckle|13_ptm_532174.docx|141,13_ptm_532174.docx,13,1993,Women,Women,0.67,קטנה.,explicit
heckle|15_ptm_533008.docx|133,15_ptm_533008.docx,15,2002,Women,Men,0.72,"את משתוללת, את לא מדברת.",no
heckle|19_ptm_277187.doc|499,19_ptm_277187.doc,19,2014,Women,Women,0.6,– – – ללכת למקום הנוח של האישה.,explicit
heckle|19_ptm_302849.doc|817,19_ptm_302849.doc,19,2014,Women,Men,0.89,אולי פתאום הוא יצא מהארון וגילה שהוא באמת זב ומצורע.,no
heckle|25_ptm_1648773.doc|159,25_ptm_1648773.doc,25,2023,Women,Men,0.54,על מה את מדברת? אין זכות להדיר נשים,no
heckle|20_ptm_308086.doc|530,20_ptm_308086.doc,20,2015,Women,Men,0.53,"בעל אלכוהוליסט זה בסדר, בעל נרקומן זה בסדר – היא תקבל. אבל מי שבעלה לומד, אתם – – –",no
heckle|14_ptm_532635.docx|24,14_ptm_532635.docx,14,1997,Women,Men,0.61,אני חייב להגיד שאתמול היית גדולה.,no
heckle|20_ptm_388049.doc|1029,20_ptm_388049.doc,20,2017,Women,Men,0.72,"לא, היא צועקת לי ""התחתנת"", כאילו שמתי עין – – –",no
heckle|24_ptm_604543.doc|1420,24_ptm_604543.doc,24,2021,Women,Men,0.73,"אורלי היקרה, אני רואה שלמרות הימים הקשים של בין המצרים, את מלאה – מלאת כעס. לא צריך לכעוס. אני אומר לכם, חברים בבית הזה – – –",no
heckle|25_ptm_2565635.doc|1047,25_ptm_2565635.doc,25,2023,Women,Men,0.55,"אני לא יכול להתחתן כאן, אני לא יכול להקים פה משפחה  אולי זה לא חשוב לך  זה מרכז עולמי",no
heckle|16_ptm_533475.docx|352,16_ptm_533475.docx,16,2004,Women,Men,0.56,"אילנה, מה יש לך נגד הגברים כל פעם?",no
heckle|19_ptm_266924.doc|548,19_ptm_266924.doc,19,2013,Women,Men,0.61,כל אחד יקשיב לסבתא – – –,explicit
heckle|20_ptm_491263.doc|616,20_ptm_491263.doc,20,2018,Women,Men,0.5,את בחורה חוצפנית.,insult
heckle|15_ptm_532942.docx|98,15_ptm_532942.docx,15,2001,Women,Men,0.62,איפה השוויון של האשה? למה היא לא יכולה לדבר?,no
heckle|25_ptm_2127049.doc|4533,25_ptm_2127049.doc,25,2023,Women,Men,0.6,"אשתי מדברת, אז זה פתאום נגד האישה  אסור לאישה לדבר",no
heckle|15_ptm_533021.docx|582,15_ptm_533021.docx,15,2002,Women,Men,0.5,"מה, אצלך אשה עובדת במטבח?",no
heckle|25_ptm_2625061.doc|896,25_ptm_2625061.doc,25,2023,Women,Men,0.69,תסתכלי במראה – – –      ,no
heckle|25_ptm_9961313.doc|1054,25_ptm_9961313.doc,25,2025,Men,Women,0.72,"סליחה, הכול טבעי סליחה ככה קמתי בבוקר, אדוני יש בעיה עם האיפור שלי ולא ידעתי? ולדימיר, ג'נטלמן צריך לומר לי שככה - - -",no
heckle|25_ptm_7103413.doc|195,25_ptm_7103413.doc,25,2025,Men,Women,0.51,"ועוד קורא לי ""קוטרית"" - - -",no
heckle|25_ptm_10608329.doc|1505,25_ptm_10608329.doc,25,2026,Men,Women,0.6,דווקא זה יפה לך,explicit
heckle|25_ptm_14187897.doc|7799,25_ptm_14187897.doc,25,2026,Men,Women,0.51,גם אתה סבא,family
heckle|25_ptm_5347458.doc|1170,25_ptm_5347458.doc,25,2024,Men,Women,0.73,"אף אחד לא יגיד ""כמו סטייק"" הסטייק היחיד זה אתה - - -",no
heckle|25_ptm_5866349.doc|908,25_ptm_5866349.doc,25,2025,Men,Men,0.5,אל תחברי את זה למינית אל תקשרי למינית תתביישי על מה שאמרת תתביישי,no
heckle|25_ptm_11589529.doc|500,25_ptm_11589529.doc,25,2026,Men,Men,0.52,"מה אתה מתערב לה? מה אתה, דייט בחשכה?",insult
heckle|25_ptm_13241040.doc|442,25_ptm_13241040.doc,25,2026,Men,Women,0.73,"אתה, יפה, נו",explicit
heckle|25_ptm_5866349.doc|886,25_ptm_5866349.doc,25,2025,Women,Men,0.63,"מינית, אמרת?",no
heckle|25_ptm_10396942.doc|1292,25_ptm_10396942.doc,25,2025,Women,Women,0.77,"אני הלכתי, אחד האבות השכולים צעק לי במסדרון ""חולרה"" אוקיי? אף אחד ממועצת אוקטובר לא עשה את זה",no
heckle|25_ptm_11202438.doc|593,25_ptm_11202438.doc,25,2026,Women,Men,0.56,"- - - אתה בושה, אתה אשכרה בלי משקפיים - - -",no
heckle|25_ptm_10047824.doc|301,25_ptm_10047824.doc,25,2025,Women,Women,0.6,את בוכה על עצמך עושים לך תוכניות - - -,trope
heckle|25_ptm_13872433.doc|1440,25_ptm_13872433.doc,25,2026,Women,Men,0.51,"פינדרוס, היא לא ידעה שאני מת עליך",no
heckle|25_ptm_11065355.doc|180,25_ptm_11065355.doc,25,2026,Women,Women,0.63,שפחה שפחה,insult
heckle|25_ptm_10047824.doc|490,25_ptm_10047824.doc,25,2025,Women,Women,0.5,אני עדיין לא יודעת שקשה לך עם נשים שמקבלות תפקיד - - -,no
heckle|25_ptm_9836091.doc|952,25_ptm_9836091.doc,25,2025,Women,Men,0.59,"תורידי חסינות ותיתבעי דיבה עד אז את פחדנית, מסיתה קטנה ומוגת לב, כזאת קטנה זה הכול",insult
heckle|25_ptm_13340736.doc|1042,25_ptm_13340736.doc,25,2026,Women,Men,0.65,"הוא לא רגיל שנשים מדברות אליו, פשוט",no
heckle|25_ptm_5614835.doc|736,25_ptm_5614835.doc,25,2025,Women,Women,0.8,מה הקשר כאימא ומה הקשר כאישה?,no
heckle|25_ptm_11065355.doc|190,25_ptm_11065355.doc,25,2026,Women,Women,0.51,"עלק זאת שייצגה אנשים והשפילה נאנסות קוראת לי ""שפחה"" לא תשכתבי, טלי גוטליב",no
heckle|25_ptm_11454008.doc|213,25_ptm_11454008.doc,25,2026,Women,Women,0.78,"כמה צרות יש לך, כמה צרות יש לך תראי איך את נראית - - - מה תעשי בלעדיי?",explicit
heckle|25_ptm_4434856.doc|663,25_ptm_4434856.doc,25,2024,Women,Women,0.72,לאישה אסור לחשוב לבד?,no
heckle|25_ptm_4686146.doc|318,25_ptm_4686146.doc,25,2024,Women,Men,0.54,שלא יתבכיין לך,no
heckle|25_ptm_4998194.doc|494,25_ptm_4998194.doc,25,2024,Women,Men,0.69,פוש מערוץ 2: טלי גוטליב לא בהיריון יצא פוש עכשיו: טלי גוטליב לא בהיריון,explicit
heckle|25_ptm_5626775.doc|355,25_ptm_5626775.doc,25,2025,Women,Women,0.72,אתה גבר - - -,no
heckle|25_ptm_4730471.doc|1061,25_ptm_4730471.doc,25,2024,Women,Men,0.54,"קטי קראה לך חתולה, קטי – היא אשכרה נקראת cat",no
heckle|25_ptm_10856907.doc|1162,25_ptm_10856907.doc,25,2026,Women,Women,0.71,את אישה מטונפת,insult
heckle|25_ptm_4434856.doc|678,25_ptm_4434856.doc,25,2024,Women,Women,0.82,"תתאפק, תתאפק, תתאפק זה לא נראה טוב – אני אישה, אתה גבר תהיה בשקט",no
heckle|25_ptm_4467217.doc|231,25_ptm_4467217.doc,25,2024,Women,Women,0.91,"למה היא קוראת לי ""אישה חולנית""?",no
heckle|25_ptm_5491216.doc|471,25_ptm_5491216.doc,25,2025,Women,Men,0.66,"תודה, אדוני היושב-ראש קודם כול המציעה, חברת הכנסת אימאן ח'טיב יאסין – כאבא לילדים, אני חושב שאבא תמיד היה רוצה לדעת איפה הם – –",no
heckle|25_ptm_11202438.doc|634,25_ptm_11202438.doc,25,2026,Women,Men,0.63,"יש לו בן כזה חמוד, כזה חמוד, שאבא שלו עושה לו בושות כל היום",no
heckle|25_ptm_9297421.doc|797,25_ptm_9297421.doc,25,2025,Women,Men,0.91,"עזוב, אישה נמוכה ושפלה",explicit
heckle|25_ptm_9836091.doc|950,25_ptm_9836091.doc,25,2025,Women,Men,0.6,"פרובוקטורית, פחדנית, מסיתה, ילדה קטנה, זה מה - - -",insult
heckle|25_ptm_10856907.doc|1261,25_ptm_10856907.doc,25,2026,Women,Women,0.62,אישה רעה וממורמרת,insult
heckle|25_ptm_5526677.doc|360,25_ptm_5526677.doc,25,2025,Women,Men,0.56,אני עם נעליים עם עקב היום,no
heckle|25_ptm_4790695.doc|392,25_ptm_4790695.doc,25,2024,Women,Women,0.51,הוא אומר לי שאני מקרקרת?,no
heckle|25_ptm_5234877.doc|971,25_ptm_5234877.doc,25,2024,Women,Women,0.73,בגלל נשים כמוך,insult
heckle|25_ptm_12003762.doc|586,25_ptm_12003762.doc,25,2026,Women,Men,0.6,"את צריכה להיות מגישה בערוץ 12, תפור עלייך",no
heckle|25_ptm_14187897.doc|2657,25_ptm_14187897.doc,25,2026,Women,Women,0.8,"מירב, הוא אמר - - - את הבעל השלישי שלך זה מה שהוא אומר",family
heckle|25_ptm_5872839.doc|59,25_ptm_5872839.doc,25,2025,Women,Women,0.57,אני מאוד עדינה הרבנית ימימה אמרה אתמול שאני עדינה אמרתי: לא בטוח,no
heckle|25_ptm_13872433.doc|1442,25_ptm_13872433.doc,25,2026,Women,Men,0.52,הילדים שלך לא הולכים לגן של העירייה?,family
heckle|25_ptm_11454008.doc|216,25_ptm_11454008.doc,25,2026,Women,Women,0.8,תראי איך את נראית תראי איך את נראית אבל תראי איך את נראית,explicit
heckle|25_ptm_11589529.doc|889,25_ptm_11589529.doc,25,2026,Women,Women,0.88,זה מדהים שאת מתחבקת עם אהוד ברק את נושאת עיניים לאיש הבזוי הזה שרוצה אוקראיניות יותר יפות ממך,explicit
heckle|25_ptm_14187897.doc|1633,25_ptm_14187897.doc,25,2026,Women,Women,0.71,מה יש לך עם נשים חזקות? מה יש לך? למה את שונאת כל אישה? למה את אוהבת רק נשים קורבנות?,no
heckle|25_ptm_4467217.doc|239,25_ptm_4467217.doc,25,2024,Women,Men,0.66,"מה די כבר? היא אומרת לה ""אישה חולנית"", מה זה?",no
heckle|25_ptm_10856907.doc|1169,25_ptm_10856907.doc,25,2026,Women,Women,0.56,אישה מרשעת,insult
heckle|25_ptm_13827949.doc|221,25_ptm_13827949.doc,25,2026,Women,Men,0.77,אבל טוענת ומדברת כמו 1.90 מטר,explicit
heckle|25_ptm_4790695.doc|390,25_ptm_4790695.doc,25,2024,Women,Men,0.53,"אתה יודע, היא מזכירה לי תרנגול הודו",insult
heckle|25_ptm_13340736.doc|1191,25_ptm_13340736.doc,25,2026,Women,Men,0.57,"היא שעה צועקת, היא שעה נובחת, אף אחד לא - - -",trope
heckle|25_ptm_7822514.doc|1408,25_ptm_7822514.doc,25,2025,Women,Men,0.77,לא מגיע שתהיה אישה בראשות ועדת חוץ וביטחון?,no
heckle|25_ptm_9942487.doc|338,25_ptm_9942487.doc,25,2025,Women,Men,0.88,תהיי יפה ותשתקי,explicit
heckle|25_ptm_10047824.doc|456,25_ptm_10047824.doc,25,2025,Women,Women,0.56,"את, שרצה באולפנים ובוכה על אמירות מיזוגיניות כלפייך, הפכת תקיפה של אישה לבדיחה",no
heckle|25_ptm_10856907.doc|1283,25_ptm_10856907.doc,25,2026,Women,Men,0.5,- - -,no
heckle|25_ptm_10047824.doc|475,25_ptm_10047824.doc,25,2025,Women,Women,0.62,"כן, איזו אישה חזקה - - -",insult
heckle|25_ptm_4648936.doc|264,25_ptm_4648936.doc,25,2024,Women,Women,0.65,"לא היית מסוגלת היום, לאב שכול, לגנות את חמאס את תומכת טרור - - - בכנסת ישראל",no
heckle|25_ptm_4434856.doc|680,25_ptm_4434856.doc,25,2024,Women,Men,0.58,- - -,no
heckle|25_ptm_5133499.doc|843,25_ptm_5133499.doc,25,2024,Women,Men,0.67,"מה זה ""שכחת להיות אח שכול""? בושה",no
heckle|25_ptm_4790695.doc|401,25_ptm_4790695.doc,25,2024,Women,Women,0.68,"הוא אומר לי שאני מקרקרת, זה נראה לך הגיוני?",no
