election_year,left_lists,left_seats,share,url,election_date,arab_list_seats,share_of_non_arab_seats,secular_centre_seats,left_plus_centre_share
1992,Labour 44; Meretz 12,56,46.7,https://en.idi.org.il/israeli-elections-and-parties/elections/1992/,1992-06-23,5,48.7,0,46.7
1996,Labour 34; Meretz 9,43,35.8,https://en.idi.org.il/israeli-elections-and-parties/elections/1996/,1996-05-29,9,38.7,4,39.2
1999,One Israel 26; Meretz 10; Am Ehad (One Nation) 2,38,31.7,https://en.idi.org.il/israeli-elections-and-parties/elections/1999/,1999-05-17,10,34.5,12,41.7
2003,Labour-Meimad (joint list) 19; Meretz 6; Am Ehad (One Nation) 3,28,23.3,https://en.idi.org.il/israeli-elections-and-parties/elections/2003/,2003-01-28,8,25.0,15,35.8
2006,Labour-Meimad (joint list) 19; Meretz 5,24,20.0,https://en.idi.org.il/israeli-elections-and-parties/elections/2006/,2006-03-28,10,21.8,29,44.2
2009,Labour 13; Meretz 3,16,13.3,https://en.idi.org.il/israeli-elections-and-parties/elections/2009/,2009-02-10,11,14.7,28,36.7
2013,Labour 15; Meretz 6,21,17.5,https://en.idi.org.il/israeli-elections-and-parties/elections/2013/,2013-01-22,11,19.3,27,40.0
2015,Zionist Union (Labour and Hatnua) 24; Meretz 5,29,24.2,https://en.idi.org.il/israeli-elections-and-parties/elections/2015/,2015-03-17,13,27.1,21,41.7
2019,Labour 6; Meretz 4,10,8.3,https://en.idi.org.il/israeli-elections-and-parties/elections/2019-1/,2019-04-09,10,9.1,39,40.8
2019,"Labour-Gesher 6; Democratic Union (Meretz, Israel Democratic Party, Green Movement) 5",11,9.2,https://en.idi.org.il/israeli-elections-and-parties/elections/2019-september/,2019-09-17,13,10.3,33,36.7
2020,Labour-Gesher-Meretz 7,7,5.8,https://en.idi.org.il/israeli-elections-and-parties/elections/2020-1/,2020-03-02,15,6.7,33,33.3
2021,Labour 7; Meretz 6,13,10.8,https://en.idi.org.il/israeli-elections-and-parties/elections/2021/,2021-03-23,10,11.8,25,31.7
2022,"Labour 4; Meretz 0 (150,793 votes, 3.2%, below the 3.25% threshold)",4,3.3,https://en.idi.org.il/israeli-elections-and-parties/elections/2022/,2022-11-01,10,3.6,36,33.3
