source,year_or_election,population,left,centre,right,dont_know,question_wording,url,note
INES 7-point left-right self-placement,1988,Jewish adults (eligible voters),27.0,12.6,49.8,10.5,"There is much talk about left and right in politics. Where would you rank yourself along a left-right continuum, where 1 is the right end and 7 is the left end? (1992: 'People speak a lot about left and right in politics...'). Coded right = 1-3, centre = 4, left = 5-7",https://socsci4.tau.ac.il/mu2/ines/data/our-data/,"Oct 1988, face to face (Dahaf), second wave; election 1 Nov 1988; variable f125; n = 873 Jewish respondents asked; computed from INES microdata by scripts/ines_left_right.py"
INES political tendency (5 categories),1988,Jewish adults (eligible voters),26.2,11.3,48.5,14.0,"With what political tendency do you identify? Left / moderate left / centre / moderate right / right (volunteered: religious, none). Coded left = left + moderate left, right = right + moderate right; religious and none counted with dont_know",https://socsci4.tau.ac.il/mu2/ines/data/our-data/,"Oct 1988, face to face (Dahaf), second wave; election 1 Nov 1988; variable g72; n = 873 Jewish respondents asked; computed from INES microdata by scripts/ines_left_right.py"
INES 7-point left-right self-placement,1992,Jewish adults (eligible voters),30.5,22.6,44.2,2.8,"There is much talk about left and right in politics. Where would you rank yourself along a left-right continuum, where 1 is the right end and 7 is the left end? (1992: 'People speak a lot about left and right in politics...'). Coded right = 1-3, centre = 4, left = 5-7",https://socsci4.tau.ac.il/mu2/ines/data/our-data/,"8-18 Jun 1992, face to face (Dahaf); Jewish adults excl. kibbutzim and settlements beyond the Green Line; election 23 Jun 1992; variable a110; n = 1192 Jewish respondents asked; computed from INES microdata by scripts/ines_left_right.py"
INES political tendency (5 categories),1992,Jewish adults (eligible voters),30.3,17.7,41.8,10.2,"With what political tendency do you identify? Left / moderate left / centre / moderate right / right (volunteered: religious, none). Coded left = left + moderate left, right = right + moderate right; religious and none counted with dont_know",https://socsci4.tau.ac.il/mu2/ines/data/our-data/,"8-18 Jun 1992, face to face (Dahaf); Jewish adults excl. kibbutzim and settlements beyond the Green Line; election 23 Jun 1992; variable i56; n = 1192 Jewish respondents asked; computed from INES microdata by scripts/ines_left_right.py"
INES 7-point left-right self-placement,1996,Jewish adults (eligible voters),39.6,20.5,39.1,0.8,"There is much talk about left and right in politics. Where would you rank yourself along a left-right continuum, where 1 is the right end and 7 is the left end? (1992: 'People speak a lot about left and right in politics...'). Coded right = 1-3, centre = 4, left = 5-7",https://socsci4.tau.ac.il/mu2/ines/data/our-data/,"spring 1996, face to face (Modiin Ezrahi), Jewish file 1996j; election 29 May 1996; variable c69; n = 1168 Jewish respondents asked; computed from INES microdata by scripts/ines_left_right.py"
INES political tendency (5 categories),1996,Jewish adults (eligible voters),36.1,15.9,39.0,9.0,"With what political tendency do you identify? Left / moderate left / centre / moderate right / right (volunteered: religious, none). Coded left = left + moderate left, right = right + moderate right; religious and none counted with dont_know",https://socsci4.tau.ac.il/mu2/ines/data/our-data/,"spring 1996, face to face (Modiin Ezrahi), Jewish file 1996j; election 29 May 1996; variable ccc46; n = 1168 Jewish respondents asked; computed from INES microdata by scripts/ines_left_right.py"
INES 7-point left-right self-placement,1999,Jewish adults (eligible voters),42.0,15.2,39.5,3.3,"There is much talk about left and right in politics. Where would you rank yourself along a left-right continuum, where 1 is the right end and 7 is the left end? (1992: 'People speak a lot about left and right in politics...'). Coded right = 1-3, centre = 4, left = 5-7",https://socsci4.tau.ac.il/mu2/ines/data/our-data/,"4 Apr-14 May 1999, face to face; Jews identified by locality code < 80 (INES appendix); election 17 May 1999; variable i19; n = 1075 Jewish respondents asked; computed from INES microdata by scripts/ines_left_right.py"
INES political tendency (5 categories),1999,Jewish adults (eligible voters),35.4,10.2,36.8,17.5,"With what political tendency do you identify? Left / moderate left / centre / moderate right / right (volunteered: religious, none). Coded left = left + moderate left, right = right + moderate right; religious and none counted with dont_know",https://socsci4.tau.ac.il/mu2/ines/data/our-data/,"4 Apr-14 May 1999, face to face; Jews identified by locality code < 80 (INES appendix); election 17 May 1999; variable c19; n = 1075 Jewish respondents asked; computed from INES microdata by scripts/ines_left_right.py"
INES 7-point left-right self-placement,2001,Jewish adults (eligible voters),27.9,23.9,45.8,2.4,"There is much talk about left and right in politics. Where would you rank yourself along a left-right continuum, where 1 is the right end and 7 is the left end? (1992: 'People speak a lot about left and right in politics...'). Coded right = 1-3, centre = 4, left = 5-7",https://socsci4.tau.ac.il/mu2/ines/data/our-data/,"Jan-Feb 2001, telephone (Mahshov); Arabs identified by b28; prime-ministerial election 6 Feb 2001; variable a66; n = 1254 Jewish respondents asked; computed from INES microdata by scripts/ines_left_right.py"
INES 7-point left-right self-placement,2003,Jewish adults (eligible voters),27.8,19.6,51.8,0.8,"There is much talk about left and right in politics. Where would you rank yourself along a left-right continuum, where 1 is the right end and 7 is the left end? (1992: 'People speak a lot about left and right in politics...'). Coded right = 1-3, centre = 4, left = 5-7",https://socsci4.tau.ac.il/mu2/ines/data/our-data/,"12-24 Jan 2003, telephone (Mahshov); election 28 Jan 2003; variable a49; n = 1083 Jewish respondents asked; computed from INES microdata by scripts/ines_left_right.py"
INES political tendency (5 categories),2003,Jewish adults (eligible voters),26.4,17.3,51.9,4.4,"With what political tendency do you identify? Left / moderate left / centre / moderate right / right (volunteered: religious, none). Coded left = left + moderate left, right = right + moderate right; religious and none counted with dont_know",https://socsci4.tau.ac.il/mu2/ines/data/our-data/,"12-24 Jan 2003, telephone (Mahshov); election 28 Jan 2003; variable b73; n = 1083 Jewish respondents asked; computed from INES microdata by scripts/ines_left_right.py"
INES 7-point left-right self-placement,2006,Jewish adults (eligible voters),32.3,27.6,40.2,,"There is much talk about left and right in politics. Where would you rank yourself along a left-right continuum, where 1 is the right end and 7 is the left end? (1992: 'People speak a lot about left and right in politics...'). Coded right = 1-3, centre = 4, left = 5-7",https://socsci4.tau.ac.il/mu2/ines/data/our-data/,"28 Feb-23 Mar 2006, telephone (Mahshov); item asked of a subsample and non-answers are not coded, so shares are of those who answered (dont_know unknown); election 28 Mar 2006; variable b62; n = 508 Jewish respondents asked; computed from INES microdata by scripts/ines_left_right.py"
INES political tendency (5 categories),2006,Jewish adults (eligible voters),21.5,28.8,41.9,7.8,"With what political tendency do you identify? Left / moderate left / centre / moderate right / right (volunteered: religious, none). Coded left = left + moderate left, right = right + moderate right; religious and none counted with dont_know",https://socsci4.tau.ac.il/mu2/ines/data/our-data/,"28 Feb-23 Mar 2006, telephone (Mahshov); item asked of a subsample and non-answers are not coded, so shares are of those asked; dont_know = religious + none only; election 28 Mar 2006; variable b61; n = 525 Jewish respondents asked; computed from INES microdata by scripts/ines_left_right.py"
INES 7-point left-right self-placement,2009,Jewish adults (eligible voters),24.7,26.5,43.2,5.6,"There is much talk about left and right in politics. Where would you rank yourself along a left-right continuum, where 1 is the right end and 7 is the left end? (1992: 'People speak a lot about left and right in politics...'). Coded right = 1-3, centre = 4, left = 5-7",https://socsci4.tau.ac.il/mu2/ines/data/our-data/,"Jan-Feb 2009, telephone (Cohen Institute); split sample, item asked of about a third of respondents; election 10 Feb 2009; variable v135; n = 340 Jewish respondents asked; computed from INES microdata by scripts/ines_left_right.py"
INES political tendency (5 categories),2009,Jewish adults (eligible voters),18.5,22.2,45.5,13.9,"With what political tendency do you identify? Left / moderate left / centre / moderate right / right (volunteered: religious, none). Coded left = left + moderate left, right = right + moderate right; religious and none counted with dont_know",https://socsci4.tau.ac.il/mu2/ines/data/our-data/,"Jan-Feb 2009, telephone (Cohen Institute); split sample, item asked of about a third of respondents; election 10 Feb 2009; variable v134; n = 352 Jewish respondents asked; computed from INES microdata by scripts/ines_left_right.py"
INES 7-point left-right self-placement,2013,Jewish adults (eligible voters),19.6,28.3,47.3,4.7,"There is much talk about left and right in politics. Where would you rank yourself along a left-right continuum, where 1 is the right end and 7 is the left end? (1992: 'People speak a lot about left and right in politics...'). Coded right = 1-3, centre = 4, left = 5-7",https://socsci4.tau.ac.il/mu2/ines/data/our-data/,"Dec 2012-Jan 2013, telephone (Cohen Institute); election 22 Jan 2013; variable v88; n = 1457 Jewish respondents asked; computed from INES microdata by scripts/ines_left_right.py"
INES political tendency (5 categories),2013,Jewish adults (eligible voters),16.7,23.9,50.1,9.3,"With what political tendency do you identify? Left / moderate left / centre / moderate right / right (volunteered: religious, none). Coded left = left + moderate left, right = right + moderate right; religious and none counted with dont_know",https://socsci4.tau.ac.il/mu2/ines/data/our-data/,"Dec 2012-Jan 2013, telephone (Cohen Institute); election 22 Jan 2013; variable v103; n = 720 Jewish respondents asked; computed from INES microdata by scripts/ines_left_right.py"
INES 7-point left-right self-placement,2015,Jewish adults (eligible voters),20.8,24.4,47.1,7.8,"There is much talk about left and right in politics. Where would you rank yourself along a left-right continuum, where 1 is the right end and 7 is the left end? (1992: 'People speak a lot about left and right in politics...'). Coded right = 1-3, centre = 4, left = 5-7",https://socsci4.tau.ac.il/mu2/ines/data/our-data/,"Feb-Mar 2015, telephone (Cohen Institute); election 17 Mar 2015; variable v103; n = 1330 Jewish respondents asked; computed from INES microdata by scripts/ines_left_right.py"
INES political tendency (5 categories),2015,Jewish adults (eligible voters),17.5,24.1,46.9,11.5,"With what political tendency do you identify? Left / moderate left / centre / moderate right / right (volunteered: religious, none). Coded left = left + moderate left, right = right + moderate right; religious and none counted with dont_know",https://socsci4.tau.ac.il/mu2/ines/data/our-data/,"Feb-Mar 2015, telephone (Cohen Institute); election 17 Mar 2015; variable v71; n = 668 Jewish respondents asked; computed from INES microdata by scripts/ines_left_right.py"
INES 7-point left-right self-placement,2019-04,Jewish adults (eligible voters),21.7,23.7,48.4,6.2,"There is much talk about left and right in politics. Where would you rank yourself along a left-right continuum, where 1 is the right end and 7 is the left end? (1992: 'People speak a lot about left and right in politics...'). Coded right = 1-3, centre = 4, left = 5-7",https://socsci4.tau.ac.il/mu2/ines/data/our-data/,"Feb-Apr 2019, telephone (Cohen Institute), weighted (weights_panel_1); election 9 Apr 2019; variable v111; n = 1347 Jewish respondents asked; computed from INES microdata by scripts/ines_left_right.py"
INES political tendency (5 categories),2019-04,Jewish adults (eligible voters),17.6,22.9,52.1,7.4,"With what political tendency do you identify? Left / moderate left / centre / moderate right / right (volunteered: religious, none). Coded left = left + moderate left, right = right + moderate right; religious and none counted with dont_know",https://socsci4.tau.ac.il/mu2/ines/data/our-data/,"Feb-Apr 2019, telephone (Cohen Institute), weighted (weights_panel_1); election 9 Apr 2019; variable v53; n = 668 Jewish respondents asked; computed from INES microdata by scripts/ines_left_right.py"
INES 7-point left-right self-placement,2019-09,Jewish adults (eligible voters),28.2,20.3,46.8,4.7,"There is much talk about left and right in politics. Where would you rank yourself along a left-right continuum, where 1 is the right end and 7 is the left end? (1992: 'People speak a lot about left and right in politics...'). Coded right = 1-3, centre = 4, left = 5-7",https://socsci4.tau.ac.il/mu2/ines/data/our-data/,"Sep 2019, telephone, panel re-interview of April respondents, weighted (weights_panel_3); panel attrition may tilt it left; election 17 Sep 2019; variable c111; n = 731 Jewish respondents asked; computed from INES microdata by scripts/ines_left_right.py"
INES 7-point left-right self-placement,2020,Jewish adults (eligible voters),23.6,22.5,46.0,7.8,"There is much talk about left and right in politics. Where would you rank yourself along a left-right continuum, where 1 is the right end and 7 is the left end? (1992: 'People speak a lot about left and right in politics...'). Coded right = 1-3, centre = 4, left = 5-7",https://socsci4.tau.ac.il/mu2/ines/data/our-data/,"29 Jan-1 Mar 2020, telephone (Cohen Institute), weighted (weights_panel_1); election 2 Mar 2020; variable v111; n = 729 Jewish respondents asked; computed from INES microdata by scripts/ines_left_right.py"
INES 7-point left-right self-placement,2021,Jewish adults (eligible voters),22.6,21.8,51.5,4.1,"There is much talk about left and right in politics. Where would you rank yourself along a left-right continuum, where 1 is the right end and 7 is the left end? (1992: 'People speak a lot about left and right in politics...'). Coded right = 1-3, centre = 4, left = 5-7",https://socsci4.tau.ac.il/mu2/ines/data/our-data/,"Feb-Mar 2021, telephone (797) and internet (1,019) mixed, weighted (weights_panel_1); election 23 Mar 2021; variable v111; n = 1498 Jewish respondents asked; computed from INES microdata by scripts/ines_left_right.py"
INES 7-point left-right self-placement,2022,Jewish adults (eligible voters),22.6,19.2,55.6,2.7,"There is much talk about left and right in politics. Where would you rank yourself along a left-right continuum, where 1 is the right end and 7 is the left end? (1992: 'People speak a lot about left and right in politics...'). Coded right = 1-3, centre = 4, left = 5-7",https://socsci4.tau.ac.il/mu2/ines/data/our-data/,"Oct 2022, online probability panel (Cohen Institute) - first INES fielded online; weighted (w_jews_panel1); election 1 Nov 2022; variable v111; n = 1357 Jewish respondents asked; computed from INES microdata by scripts/ines_left_right.py"
INES political tendency (5 categories),2022,Jewish adults (eligible voters),13.2,23.9,60.1,2.9,"With what political tendency do you identify? Left / moderate left / centre / moderate right / right (volunteered: religious, none). Coded left = left + moderate left, right = right + moderate right; religious and none counted with dont_know",https://socsci4.tau.ac.il/mu2/ines/data/our-data/,"Oct 2022, online probability panel (Cohen Institute) - first INES fielded online; weighted (w_jews_panel1); election 1 Nov 2022; variable v53; n = 671 Jewish respondents asked; computed from INES microdata by scripts/ines_left_right.py"
INES 7-point left-right self-placement,2025,Jewish adults (eligible voters),22.3,18.3,56.7,2.6,"There is much talk about left and right in politics. Where would you rank yourself along a left-right continuum, where 1 is the right end and 7 is the left end? (1992: 'People speak a lot about left and right in politics...'). Coded right = 1-3, centre = 4, left = 5-7",https://socsci4.tau.ac.il/mu2/ines/data/our-data/,"Mar-Apr 2025, online probability panel, no election; weighted (w_jews); variable v111; n = 1308 Jewish respondents asked; computed from INES microdata by scripts/ines_left_right.py"
"INES 7-point left-right self-placement, telephone interviews only",2021,Jewish adults (eligible voters),21.0,26.0,47.7,5.3,"There is much talk about left and right in politics. Where would you rank yourself along a left-right continuum, where 1 is the right end and 7 is the left end? (1992: 'People speak a lot about left and right in politics...'). Coded right = 1-3, centre = 4, left = 5-7",https://socsci4.tau.ac.il/mu2/ines/data/our-data/,March 2021 INES split by data_collection_mode; telephone interviews only (weights_telephone_panel_1); n = 641; shows the mode effect behind the 2022 break
"INES 7-point left-right self-placement, internet interviews only",2021,Jewish adults (eligible voters),23.8,18.5,54.6,3.1,"There is much talk about left and right in politics. Where would you rank yourself along a left-right continuum, where 1 is the right end and 7 is the left end? (1992: 'People speak a lot about left and right in politics...'). Coded right = 1-3, centre = 4, left = 5-7",https://socsci4.tau.ac.il/mu2/ines/data/our-data/,March 2021 INES split by data_collection_mode; internet interviews only (weights_internet_panel_1); n = 857; shows the mode effect behind the 2022 break
INES 7-point left-right self-placement,2022,"All adults (Jews and Arabs, eligible voters)",28.1,17.5,47.2,7.2,"There is much talk about left and right in politics. Where would you rank yourself along a left-right continuum, where 1 is the right end and 7 is the left end? (1992: 'People speak a lot about left and right in politics...'). Coded right = 1-3, centre = 4, left = 5-7",https://socsci4.tau.ac.il/mu2/ines/data/our-data/,unified weight w_panel1 (combines Jewish and Arab weights with group size); n = 1585; Arab respondents answer this Jewish-politics scale with many don't-knows (29-36%)
INES 7-point left-right self-placement,2025,"All adults (Jews and Arabs, eligible voters)",25.5,17.6,47.4,9.4,"There is much talk about left and right in politics. Where would you rank yourself along a left-right continuum, where 1 is the right end and 7 is the left end? (1992: 'People speak a lot about left and right in politics...'). Coded right = 1-3, centre = 4, left = 5-7",https://socsci4.tau.ac.il/mu2/ines/data/our-data/,unified weight w_sample (combines Jewish and Arab weights with group size); n = 1588; Arab respondents answer this Jewish-politics scale with many don't-knows (29-36%)
IDI political camps series (Anabi 2022),1986,Jewish adults (voting age),23,25,39,13,"IDI survey, self-placement on a 1-7 scale from far left to far right; 1-3 = left, 4 = centre, 5-7 = right (as described by Anabi to the Times of Israel); exact wording not printed",https://www.timesofisrael.com/israeli-jewish-voters-moved-significantly-rightward-in-recent-years-data-shows/,all three shares printed in the source; dont_know is the residual (100 - left - centre - right); 2003-2022 is the Israeli Democracy Index survey (DI 2022 Figure 1.1 shows the same series); interview mode: not stated; pre-2003 surveys are not identified
IDI political camps series (Anabi 2022),1990,Jewish adults (voting age),25,22,51,2,"IDI survey, self-placement on a 1-7 scale from far left to far right; 1-3 = left, 4 = centre, 5-7 = right (as described by Anabi to the Times of Israel); exact wording not printed",https://en.idi.org.il/articles/45854,"left read off chart; centre read off chart; right read off chart (chart 'Political Camps' digitised against the printed values, error about 1 point); dont_know is the residual (100 - left - centre - right); 2003-2022 is the Israeli Democracy Index survey (DI 2022 Figure 1.1 shows the same series); interview mode: not stated; pre-2003 surveys are not identified"
IDI political camps series (Anabi 2022),1991,Jewish adults (voting age),24,23,50,3,"IDI survey, self-placement on a 1-7 scale from far left to far right; 1-3 = left, 4 = centre, 5-7 = right (as described by Anabi to the Times of Israel); exact wording not printed",https://en.idi.org.il/articles/45854,"left read off chart; centre read off chart; right read off chart (chart 'Political Camps' digitised against the printed values, error about 1 point); dont_know is the residual (100 - left - centre - right); 2003-2022 is the Israeli Democracy Index survey (DI 2022 Figure 1.1 shows the same series); interview mode: not stated; pre-2003 surveys are not identified"
IDI political camps series (Anabi 2022),1993,Jewish adults (voting age),30,23,45,2,"IDI survey, self-placement on a 1-7 scale from far left to far right; 1-3 = left, 4 = centre, 5-7 = right (as described by Anabi to the Times of Israel); exact wording not printed",https://en.idi.org.il/articles/45854,"left read off chart; centre read off chart; right read off chart (chart 'Political Camps' digitised against the printed values, error about 1 point); dont_know is the residual (100 - left - centre - right); 2003-2022 is the Israeli Democracy Index survey (DI 2022 Figure 1.1 shows the same series); interview mode: not stated; pre-2003 surveys are not identified"
IDI political camps series (Anabi 2022),1994,Jewish adults (voting age),32,22,43,3,"IDI survey, self-placement on a 1-7 scale from far left to far right; 1-3 = left, 4 = centre, 5-7 = right (as described by Anabi to the Times of Israel); exact wording not printed",https://en.idi.org.il/articles/45854,"left read off chart; centre read off chart; right read off chart (chart 'Political Camps' digitised against the printed values, error about 1 point); dont_know is the residual (100 - left - centre - right); 2003-2022 is the Israeli Democracy Index survey (DI 2022 Figure 1.1 shows the same series); interview mode: not stated; pre-2003 surveys are not identified"
IDI political camps series (Anabi 2022),1995,Jewish adults (voting age),36,28,29,7,"IDI survey, self-placement on a 1-7 scale from far left to far right; 1-3 = left, 4 = centre, 5-7 = right (as described by Anabi to the Times of Israel); exact wording not printed",https://www.timesofisrael.com/israeli-jewish-voters-moved-significantly-rightward-in-recent-years-data-shows/,all three shares printed in the source; dont_know is the residual (100 - left - centre - right); 2003-2022 is the Israeli Democracy Index survey (DI 2022 Figure 1.1 shows the same series); interview mode: not stated; pre-2003 surveys are not identified
IDI political camps series (Anabi 2022),1997,Jewish adults (voting age),34,17,38,11,"IDI survey, self-placement on a 1-7 scale from far left to far right; 1-3 = left, 4 = centre, 5-7 = right (as described by Anabi to the Times of Israel); exact wording not printed",https://en.idi.org.il/articles/45854,"left read off chart; centre read off chart; right read off chart (chart 'Political Camps' digitised against the printed values, error about 1 point); dont_know is the residual (100 - left - centre - right); 2003-2022 is the Israeli Democracy Index survey (DI 2022 Figure 1.1 shows the same series); interview mode: not stated; pre-2003 surveys are not identified"
IDI political camps series (Anabi 2022),1998,Jewish adults (voting age),29,24,39,8,"IDI survey, self-placement on a 1-7 scale from far left to far right; 1-3 = left, 4 = centre, 5-7 = right (as described by Anabi to the Times of Israel); exact wording not printed",https://en.idi.org.il/articles/45854,"left read off chart; centre read off chart; right read off chart (chart 'Political Camps' digitised against the printed values, error about 1 point); dont_know is the residual (100 - left - centre - right); 2003-2022 is the Israeli Democracy Index survey (DI 2022 Figure 1.1 shows the same series); interview mode: not stated; pre-2003 surveys are not identified"
IDI political camps series (Anabi 2022),2001,Jewish adults (voting age),21,32,45,2,"IDI survey, self-placement on a 1-7 scale from far left to far right; 1-3 = left, 4 = centre, 5-7 = right (as described by Anabi to the Times of Israel); exact wording not printed",https://en.idi.org.il/articles/45854,"left read off chart; centre read off chart; right read off chart (chart 'Political Camps' digitised against the printed values, error about 1 point); dont_know is the residual (100 - left - centre - right); 2003-2022 is the Israeli Democracy Index survey (DI 2022 Figure 1.1 shows the same series); interview mode: not stated; pre-2003 surveys are not identified"
IDI political camps series (Anabi 2022),2003,Jewish adults (voting age),21,28,49,2,"IDI survey, self-placement on a 1-7 scale from far left to far right; 1-3 = left, 4 = centre, 5-7 = right (as described by Anabi to the Times of Israel); exact wording not printed",https://en.idi.org.il/articles/45854,"left read off chart; centre read off chart; right read off chart (chart 'Political Camps' digitised against the printed values, error about 1 point); dont_know is the residual (100 - left - centre - right); 2003-2022 is the Israeli Democracy Index survey (DI 2022 Figure 1.1 shows the same series); interview mode: telephone (checked in the 2013 and 2019 reports)"
IDI political camps series (Anabi 2022),2004,Jewish adults (voting age),24,27,45,4,"IDI survey, self-placement on a 1-7 scale from far left to far right; 1-3 = left, 4 = centre, 5-7 = right (as described by Anabi to the Times of Israel); exact wording not printed",https://en.idi.org.il/articles/45854,"left read off chart; centre read off chart; right read off chart (chart 'Political Camps' digitised against the printed values, error about 1 point); dont_know is the residual (100 - left - centre - right); 2003-2022 is the Israeli Democracy Index survey (DI 2022 Figure 1.1 shows the same series); interview mode: telephone (checked in the 2013 and 2019 reports)"
IDI political camps series (Anabi 2022),2005,Jewish adults (voting age),24,28,45,3,"IDI survey, self-placement on a 1-7 scale from far left to far right; 1-3 = left, 4 = centre, 5-7 = right (as described by Anabi to the Times of Israel); exact wording not printed",https://en.idi.org.il/articles/45854,"left read off chart; centre read off chart; right read off chart (chart 'Political Camps' digitised against the printed values, error about 1 point); dont_know is the residual (100 - left - centre - right); 2003-2022 is the Israeli Democracy Index survey (DI 2022 Figure 1.1 shows the same series); interview mode: telephone (checked in the 2013 and 2019 reports)"
IDI political camps series (Anabi 2022),2006,Jewish adults (voting age),20,23,44,13,"IDI survey, self-placement on a 1-7 scale from far left to far right; 1-3 = left, 4 = centre, 5-7 = right (as described by Anabi to the Times of Israel); exact wording not printed",https://en.idi.org.il/articles/45854,"left read off chart; centre read off chart; right read off chart (chart 'Political Camps' digitised against the printed values, error about 1 point); dont_know is the residual (100 - left - centre - right); 2003-2022 is the Israeli Democracy Index survey (DI 2022 Figure 1.1 shows the same series); interview mode: telephone (checked in the 2013 and 2019 reports)"
IDI political camps series (Anabi 2022),2007,Jewish adults (voting age),17,24,50,9,"IDI survey, self-placement on a 1-7 scale from far left to far right; 1-3 = left, 4 = centre, 5-7 = right (as described by Anabi to the Times of Israel); exact wording not printed",https://en.idi.org.il/articles/45854,"left read off chart; centre read off chart; right read off chart (chart 'Political Camps' digitised against the printed values, error about 1 point); dont_know is the residual (100 - left - centre - right); 2003-2022 is the Israeli Democracy Index survey (DI 2022 Figure 1.1 shows the same series); interview mode: telephone (checked in the 2013 and 2019 reports)"
IDI political camps series (Anabi 2022),2008,Jewish adults (voting age),21,24,47,8,"IDI survey, self-placement on a 1-7 scale from far left to far right; 1-3 = left, 4 = centre, 5-7 = right (as described by Anabi to the Times of Israel); exact wording not printed",https://en.idi.org.il/articles/45854,"left read off chart; centre read off chart; right read off chart (chart 'Political Camps' digitised against the printed values, error about 1 point); dont_know is the residual (100 - left - centre - right); 2003-2022 is the Israeli Democracy Index survey (DI 2022 Figure 1.1 shows the same series); interview mode: telephone (checked in the 2013 and 2019 reports)"
IDI political camps series (Anabi 2022),2009,Jewish adults (voting age),19,28,45,8,"IDI survey, self-placement on a 1-7 scale from far left to far right; 1-3 = left, 4 = centre, 5-7 = right (as described by Anabi to the Times of Israel); exact wording not printed",https://en.idi.org.il/articles/45854,"left read off chart; centre read off chart; right read off chart (chart 'Political Camps' digitised against the printed values, error about 1 point); dont_know is the residual (100 - left - centre - right); 2003-2022 is the Israeli Democracy Index survey (DI 2022 Figure 1.1 shows the same series); interview mode: telephone (checked in the 2013 and 2019 reports)"
IDI political camps series (Anabi 2022),2010,Jewish adults (voting age),23,24,45,8,"IDI survey, self-placement on a 1-7 scale from far left to far right; 1-3 = left, 4 = centre, 5-7 = right (as described by Anabi to the Times of Israel); exact wording not printed",https://en.idi.org.il/articles/45854,"left read off chart; centre read off chart; right read off chart (chart 'Political Camps' digitised against the printed values, error about 1 point); dont_know is the residual (100 - left - centre - right); 2003-2022 is the Israeli Democracy Index survey (DI 2022 Figure 1.1 shows the same series); interview mode: telephone (checked in the 2013 and 2019 reports)"
IDI political camps series (Anabi 2022),2011,Jewish adults (voting age),28,22,45,5,"IDI survey, self-placement on a 1-7 scale from far left to far right; 1-3 = left, 4 = centre, 5-7 = right (as described by Anabi to the Times of Israel); exact wording not printed",https://www.timesofisrael.com/israeli-jewish-voters-moved-significantly-rightward-in-recent-years-data-shows/,all three shares printed in the source; dont_know is the residual (100 - left - centre - right); 2003-2022 is the Israeli Democracy Index survey (DI 2022 Figure 1.1 shows the same series); interview mode: telephone (checked in the 2013 and 2019 reports)
IDI political camps series (Anabi 2022),2012,Jewish adults (voting age),11,30,50,9,"IDI survey, self-placement on a 1-7 scale from far left to far right; 1-3 = left, 4 = centre, 5-7 = right (as described by Anabi to the Times of Israel); exact wording not printed",https://en.idi.org.il/articles/45854,"left published; centre published; right read off chart (chart 'Political Camps' digitised against the printed values, error about 1 point); dont_know is the residual (100 - left - centre - right); 2003-2022 is the Israeli Democracy Index survey (DI 2022 Figure 1.1 shows the same series); interview mode: telephone (checked in the 2013 and 2019 reports)"
IDI political camps series (Anabi 2022),2013,Jewish adults (voting age),16,24,50,10,"IDI survey, self-placement on a 1-7 scale from far left to far right; 1-3 = left, 4 = centre, 5-7 = right (as described by Anabi to the Times of Israel); exact wording not printed",https://en.idi.org.il/articles/45854,"left read off chart; centre read off chart; right read off chart (chart 'Political Camps' digitised against the printed values, error about 1 point); dont_know is the residual (100 - left - centre - right); 2003-2022 is the Israeli Democracy Index survey (DI 2022 Figure 1.1 shows the same series); interview mode: telephone (checked in the 2013 and 2019 reports)"
IDI political camps series (Anabi 2022),2014,Jewish adults (voting age),15,27,47,11,"IDI survey, self-placement on a 1-7 scale from far left to far right; 1-3 = left, 4 = centre, 5-7 = right (as described by Anabi to the Times of Israel); exact wording not printed",https://en.idi.org.il/articles/45854,"left read off chart; centre read off chart; right read off chart (chart 'Political Camps' digitised against the printed values, error about 1 point); dont_know is the residual (100 - left - centre - right); 2003-2022 is the Israeli Democracy Index survey (DI 2022 Figure 1.1 shows the same series); interview mode: telephone (checked in the 2013 and 2019 reports)"
IDI political camps series (Anabi 2022),2015,Jewish adults (voting age),16,27,49,8,"IDI survey, self-placement on a 1-7 scale from far left to far right; 1-3 = left, 4 = centre, 5-7 = right (as described by Anabi to the Times of Israel); exact wording not printed",https://en.idi.org.il/articles/45854,"left read off chart; centre read off chart; right read off chart (chart 'Political Camps' digitised against the printed values, error about 1 point); dont_know is the residual (100 - left - centre - right); 2003-2022 is the Israeli Democracy Index survey (DI 2022 Figure 1.1 shows the same series); interview mode: telephone (checked in the 2013 and 2019 reports)"
IDI political camps series (Anabi 2022),2016,Jewish adults (voting age),19,23,53,5,"IDI survey, self-placement on a 1-7 scale from far left to far right; 1-3 = left, 4 = centre, 5-7 = right (as described by Anabi to the Times of Israel); exact wording not printed",https://en.idi.org.il/articles/45854,"left read off chart; centre read off chart; right read off chart (chart 'Political Camps' digitised against the printed values, error about 1 point); dont_know is the residual (100 - left - centre - right); 2003-2022 is the Israeli Democracy Index survey (DI 2022 Figure 1.1 shows the same series); interview mode: telephone (checked in the 2013 and 2019 reports)"
IDI political camps series (Anabi 2022),2017,Jewish adults (voting age),21,25,49,5,"IDI survey, self-placement on a 1-7 scale from far left to far right; 1-3 = left, 4 = centre, 5-7 = right (as described by Anabi to the Times of Israel); exact wording not printed",https://en.idi.org.il/articles/45854,"left read off chart; centre read off chart; right read off chart (chart 'Political Camps' digitised against the printed values, error about 1 point); dont_know is the residual (100 - left - centre - right); 2003-2022 is the Israeli Democracy Index survey (DI 2022 Figure 1.1 shows the same series); interview mode: telephone (checked in the 2013 and 2019 reports)"
IDI political camps series (Anabi 2022),2018,Jewish adults (voting age),20,24,52,4,"IDI survey, self-placement on a 1-7 scale from far left to far right; 1-3 = left, 4 = centre, 5-7 = right (as described by Anabi to the Times of Israel); exact wording not printed",https://en.idi.org.il/articles/45854,"left read off chart; centre read off chart; right read off chart (chart 'Political Camps' digitised against the printed values, error about 1 point); dont_know is the residual (100 - left - centre - right); 2003-2022 is the Israeli Democracy Index survey (DI 2022 Figure 1.1 shows the same series); interview mode: telephone (checked in the 2013 and 2019 reports)"
IDI political camps series (Anabi 2022),2019,Jewish adults (voting age),18,33,46,3,"IDI survey, self-placement on a 1-7 scale from far left to far right; 1-3 = left, 4 = centre, 5-7 = right (as described by Anabi to the Times of Israel); exact wording not printed",https://en.idi.org.il/articles/45854,"left read off chart; centre published; right published (chart 'Political Camps' digitised against the printed values, error about 1 point); dont_know is the residual (100 - left - centre - right); 2003-2022 is the Israeli Democracy Index survey (DI 2022 Figure 1.1 shows the same series); interview mode: telephone (checked in the 2013 and 2019 reports)"
IDI political camps series (Anabi 2022),2020,Jewish adults (voting age),13,27,57,3,"IDI survey, self-placement on a 1-7 scale from far left to far right; 1-3 = left, 4 = centre, 5-7 = right (as described by Anabi to the Times of Israel); exact wording not printed",https://en.idi.org.il/articles/45854,"left read off chart; centre read off chart; right read off chart (chart 'Political Camps' digitised against the printed values, error about 1 point); dont_know is the residual (100 - left - centre - right); 2003-2022 is the Israeli Democracy Index survey (DI 2022 Figure 1.1 shows the same series); interview mode: mostly online (checked in the 2020 and 2022 reports); the DI moved from telephone (2019) to 83% online (2020), which coincides with the jump to the right"
IDI political camps series (Anabi 2022),2021,Jewish adults (voting age),16,24,59,1,"IDI survey, self-placement on a 1-7 scale from far left to far right; 1-3 = left, 4 = centre, 5-7 = right (as described by Anabi to the Times of Israel); exact wording not printed",https://en.idi.org.il/articles/45854,"left read off chart; centre read off chart; right read off chart (chart 'Political Camps' digitised against the printed values, error about 1 point); dont_know is the residual (100 - left - centre - right); 2003-2022 is the Israeli Democracy Index survey (DI 2022 Figure 1.1 shows the same series); interview mode: mostly online (checked in the 2020 and 2022 reports)"
IDI political camps series (Anabi 2022),2022,Jewish adults (voting age),11,24,62,3,"IDI survey, self-placement on a 1-7 scale from far left to far right; 1-3 = left, 4 = centre, 5-7 = right (as described by Anabi to the Times of Israel); exact wording not printed",https://en.idi.org.il/articles/45854,all three shares printed in the source; dont_know is the residual (100 - left - centre - right); 2003-2022 is the Israeli Democracy Index survey (DI 2022 Figure 1.1 shows the same series); interview mode: mostly online (checked in the 2020 and 2022 reports)
IDI Israeli Democracy Index (appendix tables),2013,Jewish adults (Jews and 'others'),16.1,23.9,49.8,10.2,"Right-to-left spectrum (on political/security issues): right, moderate right, centre, moderate left, left. Coded left = left + moderate left, right = right + moderate right",https://en.idi.org.il/media/3958/democracy-index-english-2013.pdf,"Appendix 4 Table 2 (right 29.1, moderate right 20.7, centre 23.9, moderate left 8.3, left 7.8, don't know 10.2); telephone (Dialog), 8 Apr-2 May 2013; matches the Anabi chart (16/24/50)"
IDI Israeli Democracy Index (appendix tables),2022,Jewish adults (Jews and 'others'),13,24,62,1,"In Israeli politics, it is common to refer to Left and Right. Where would you place yourself on a scale of 1 to 7, where 1 = Left, 4 = Center, and 7 = Right? Coded 1-3 left, 4 centre, 5-7 right",https://en.idi.org.il/media/19697/the-israeli-democracy-index-2022.pdf,"Appendix 1 question 65 (1: 3, 2: 3, 3: 7, 4: 24, 5: 16, 6: 21, 7: 25, don't know 1); the report's Figure 1.1 and Anabi print left as 11; mostly online, 22 May-21 Jun 2022"
IDI Israeli Democracy Index (appendix tables),2023,Jewish adults (Jews and 'others'),15.0,25.1,56.4,3.5,"Political orientation, categories Left, Center, Right (question wording not printed in this edition)",https://en.idi.org.il/media/24389/the-israeli-democracy-index-2023-english.pdf,"Appendix 3, political orientation by religiosity, Total column; 82.7% online, 20-28 Jun 2023; weighted by religion, age, sex and 2022 vote"
IDI Israeli Democracy Index (appendix tables),2024,Jewish adults (Jews and 'others'),12.4,27.1,58.1,2.4,"Political orientation, categories Left, Center, Right (question wording not printed in this edition)",https://en.idi.org.il/media/27509/israel-democracy-index-2024-e_for_web_17-2-2025.pdf,"Appendix 3; mostly online, 16-29 May 2024"
IDI Israeli Democracy Index (appendix tables),2025,Jewish adults (Jews and 'others'),12.5,26.9,58.9,1.7,"Political orientation, categories Left, Center, Right (question wording not printed in this edition)",https://en.idi.org.il/media/30427/the-israeli-democracy-index-2025-full-english-version.pdf,"Appendix 3; 81.4% online, 4-28 May 2025; 1,205 Jewish respondents"
"Pew Research Center, Israel's Religiously Divided Society",2014-15,Jewish adults,8,,,,"Self-placement left, centre or right (wording not printed in the report text)",https://www.pewresearch.org/religion/2016/03/08/israels-religiously-divided-society/,"Report text: 8% of Jews 'lean left'; centre and right totals appear only in charts not readable as text, so left blank; Oct 2014-May 2015, face to face, 3,789 Jews; shows how much the wording matters"
